athlete,category,C1,K1,X1
STEPANKOVA Marketa,Junior Women,1,-,-
KRECH Neele,Junior Women,2,-,26
BLYTHE-SHIELDS Zoe,Junior Women,3,47,-
OETTING Carden,Junior Women,4,9,18
MUELLER Maxi,Junior Women,5,-,-
ONDRACKOVA Barbora,Junior Women,6,2,-
GOIKOETXEA Ainara,Junior Women,7,35,3
VUILLEUMIER Eyleen,Junior Women,8,18,14
SIMONA Anna,Junior Women,9,23,7
SEGURA Ainhoa,Junior Women,10,48,-
REX Rosie,Junior Women,11,40,8
KOCIROVA Valentyna,Junior Women,12,-,-
SENICA Lea,Junior Women,13,29,29
IWANIEC Patrycja,Junior Women,14,-,38
ZAHORSKA Zara,Junior Women,15,20,31
BOOCOCK Freja,Junior Women,16,25,30
KIRKOWSKA Julia,Junior Women,17,-,-
CRINO Lucy,Junior Women,18,22,-
LAPEZE Margot,Junior Women,19,10,5
ALTMAN Isabella,Junior Women,20,13,15
LALY Laurette,Junior Women,21,-,52
CUIGNON Vittoria,Junior Women,22,-,-
DANEK Hanna,Junior Women,23,1,17
DAVIDSON Codie,Junior Women,24,30,20
MOINIAN Florance,Junior Women,25,-,-
MCMULLINS Darcey,Junior Women,26,-,23
UFFER Leni,Junior Women,27,34,-
DANISOVA Hana,Junior Women,28,38,-
RIABIKOVA Elizaveta,Junior Women,29,37,10
WILDE Jasmine,Junior Women,30,-,-
NITTA Misora,Junior Women,31,-,-
RELLIA Georgia,Junior Women,32,-,-
CASTIGLIONE Nerea,Junior Women,33,11,12
MACKIE Ada,Junior Women,34,36,39
PERELEGRE Ona,Junior Women,35,52,34
SOSKOVA Petra,Junior Women,36,-,-
MAULETKAN Alua,Junior Women,37,58,36
LOVATO Isabel,Junior Women,38,12,50
TANAKA Hanon,Junior Women,39,-,33
ZIMMERMAN Paige,Junior Women,40,50,32
PICHARD Honorine,Junior Women,41,-,49
SURMA Vladyslava,Junior Women,42,44,-
BIELIETIEIEVA Anna,Junior Women,43,45,-
ZIZMARE Marta,Junior Women,44,55,-
KULIKOVA Anna,Junior Women,45,-,-
TARE Eliza,Junior Women,46,51,45
BLUME Mina,Junior Women,-,3,1
MUELLER Nova,Junior Women,-,4,-
YAN Di,Junior Women,-,5,35
ALFER Sofia,Junior Women,-,6,-
MANIET Lilou,Junior Women,-,7,16
ABRAHAMOVA Karolina,Junior Women,-,8,28
KONTCHAKOV Arina,Junior Women,-,14,25
FABIANOVA Anna,Junior Women,-,15,6
PIPREK Zuzanna,Junior Women,-,16,-
HOJDOVA Marketa,Junior Women,-,17,-
CADUFF Gianna,Junior Women,-,19,21
LOCATELLI Judith,Junior Women,-,20,-
SENONER Annika Zoe,Junior Women,-,24,-
JUNG Britta,Junior Women,-,26,2
KHARLAMOVA Anhelina,Junior Women,-,27,42
YOSHIKAWA Satsuki,Junior Women,-,28,-
VAN VLIET Veerle,Junior Women,-,31,51
FURLAN Sara,Junior Women,-,32,-
ONOZAWA Mine,Junior Women,-,33,19
PATEMAN Tess,Junior Women,-,39,22
KURVINA Elizabete,Junior Women,-,41,37
DOONEY Mayah,Junior Women,-,42,-
MOUHOUB Sophia Suzane Hada,Junior Women,-,43,41
JOJCZYK Gabriela,Junior Women,-,46,-
BROSSARD Suzanne,Junior Women,-,49,-
TEUNISSEN Rosalina,Junior Women,-,53,47
AVCU Ceren,Junior Women,-,54,40
LAMBERMONT Claire,Junior Women,-,56,-
TAOUFIK Meryem,Junior Women,-,57,46
SANCHEZ Rafaela,Junior Women,-,59,43
TROWER Hannah,Junior Women,-,60,48
BIYINZIKA Martha,Junior Women,-,61,44
YATES Olwen,Junior Women,-,-,4
BELMONTE Jana,Junior Women,-,-,9
RHEIN Carla,Junior Women,-,-,11
VACULOVA Lucie,Junior Women,-,-,13
LONG Olivia,Junior Women,-,-,24
VOJTIKOVA Klara,Junior Women,-,-,27
DIAZ Oier,Junior Men,1,6,2
HOCEVAR Ziga Lin,Junior Men,2,2,1
ESTANGUET Titouan,Junior Men,3,3,9
VONES Jakub,Junior Men,4,-,-
ULMER Leo,Junior Men,5,-,-
BRANDENBURG Pascal,Junior Men,6,-,-
UNGVARI Jakob,Junior Men,7,-,-
PONTAROLLO Riccardo,Junior Men,8,-,-
ZACHOS Ioannis,Junior Men,9,-,-
TROJANSEK Matej,Junior Men,10,-,-
SENECHAULT Matheo,Junior Men,11,-,-
VICENTE Jan,Junior Men,12,-,-
REZABEK Dominik,Junior Men,13,-,-
WEBER Anton,Junior Men,14,-,-
DEUS Oihan,Junior Men,15,-,-
EGYHAZY Dominik,Junior Men,16,-,-
FINA Dennis,Junior Men,17,-,-
JEKLIN Andrej,Junior Men,18,-,-
MILLER Leo,Junior Men,19,-,-
ARDEN Lewis,Junior Men,20,-,-
SENONER Lars Aaron,Junior Men,21,-,-
HAN Peter,Junior Men,22,-,-
KOROBOV Alexandr,Junior Men,23,16,62
PARRY Daniel,Junior Men,24,27,-
OBLINGER Milo,Junior Men,25,26,40
PAGE-BROWN Fergus,Junior Men,26,42,22
TANAKA Shunsuke,Junior Men,27,-,54
STAMP James,Junior Men,28,25,71
GEVAERT Tyler,Junior Men,29,24,20
LESNIAK Gabriel,Junior Men,30,-,-
MINTAL Miroslav,Junior Men,31,-,-
HANZEL Jachym,Junior Men,32,-,-
VAINAUSKAS Paulius,Junior Men,33,-,-
NOGAJ Kadin,Junior Men,34,33,-
CHECA BARO Nil,Junior Men,35,62,19
BIERNAT Piotr,Junior Men,36,-,-
LARICHE Ian,Junior Men,37,-,-
DERMATIS Kyriakos,Junior Men,38,-,-
MEILI Riccardo,Junior Men,39,-,-
VOEGTLIN Theo,Junior Men,40,-,-
LINDEMANN Cody,Junior Men,41,-,-
PETRENKO Vasyl,Junior Men,42,-,-
POSATSKYI Kyrylo,Junior Men,43,-,-
BATASHEV Oleksii,Junior Men,44,66,-
BOIVIN Anton,Junior Men,45,-,49
DAUNORAS Kornelijus,Junior Men,46,49,36
BILLAUT Sevan,Junior Men,47,17,28
TSENG Hsin-Kuang,Junior Men,48,-,-
BERTHELOT Joachim,Junior Men,49,34,42
PATELIS Nikolaos,Junior Men,50,-,-
NOR George,Junior Men,51,-,63
ONGCHIT Nantipat,Junior Men,52,-,72
POKSANS Dags,Junior Men,53,64,67
AYSAN Talu,Junior Men,54,-,-
MOSUNOVS Stanislavs,Junior Men,55,59,0
PUCZEL Igor,Junior Men,0,-,34
KOPECEK Michal,Junior Men,-,1,8
ROMANO Daniele,Junior Men,-,4,-
FOZ Didac,Junior Men,-,5,6
SEIBERT Joseph,Junior Men,-,7,-
WILLIAMS Gwion,Junior Men,-,8,7
DAVY Clement,Junior Men,-,9,25
LARYEA Nelian,Junior Men,-,10,-
TILINGER Tadej,Junior Men,-,11,-
MEDVID Artur,Junior Men,-,12,-
PISTONI Nicola,Junior Men,-,13,26
STEINBRENNER Max,Junior Men,-,14,64
SMIESKO Michal,Junior Men,-,15,65
SAITO Teppei,Junior Men,-,18,56
PETIT Tao,Junior Men,-,19,18
JABLONSKI Joachim,Junior Men,-,20,-
CHU Hung-Yu,Junior Men,-,21,35
REDLING Tim,Junior Men,-,22,-
KULCZYCKI Marek,Junior Men,-,23,12
CLOTET JUANMARTI Faust,Junior Men,-,28,3
SKUBIK David,Junior Men,-,29,16
VELIKONJA Tjas,Junior Men,-,30,-
PARKER Jayden,Junior Men,-,31,14
KIRBY Harry,Junior Men,-,32,10
LEHNER Paul,Junior Men,-,35,15
BELOT DE LA HUNAUDAYE Brando,Junior Men,-,36,32
FROHLICH Jachym,Junior Men,-,37,-
KRACHKO Arkhyp,Junior Men,-,38,17
SAMPSON Joseph,Junior Men,-,39,46
DUDA Filip,Junior Men,-,40,-
MATVIIENKO Rostyslav,Junior Men,-,41,23
PINHEIRO Afonso,Junior Men,-,43,31
SHCHEHLOV Gordey,Junior Men,-,44,52
LIMA Antonio,Junior Men,-,45,51
LIGNE Adrian,Junior Men,-,46,48
CHOULIARAS Alexandros,Junior Men,-,47,-
HAAKENSON Connar,Junior Men,-,48,-
AFRATIS-GEORGIOU Christos,Junior Men,-,50,-
NIJHAWAN Nikhil,Junior Men,-,51,38
THOMAS Dominic,Junior Men,-,52,21
ROHRMEISTER Lukas,Junior Men,-,53,66
AUZNIEKS Klavs,Junior Men,-,54,53
POPIERA Rokas,Junior Men,-,55,60
KODA Keisaku,Junior Men,-,56,24
BASIAKOS Konstantinos,Junior Men,-,57,-
MAGAN Raage,Junior Men,-,58,70
RIVADENEYRA Nicolas,Junior Men,-,60,61
PANZER Martin,Junior Men,-,61,4
SEEBACHER Jakob,Junior Men,-,63,45
AVERKINAS Adrijus,Junior Men,-,65,37
VENNIKER Scott,Junior Men,-,67,55
LIN Yu-Chia,Junior Men,-,68,59
HAMERSKI Mateusz,Junior Men,-,69,-
LAMBERMONT Loic,Junior Men,-,70,47
TEUNISSEN Barrie,Junior Men,-,71,68
BUETIKOFER Arik,Junior Men,-,72,13
GOTTE James,Junior Men,-,73,69
MAGAN Aar,Junior Men,-,74,50
CARRASCO CADILLO Juan Antonio,Junior Men,-,0,58
CHRISTIE WILLIAMS Wyatt,Junior Men,-,0,-
KAEDING Kilian,Junior Men,-,-,5
NEUMANN Kalle,Junior Men,-,-,11
VENETIANER Martin,Junior Men,-,-,27
PETRIK Marek,Junior Men,-,-,29
KRAMER Jernej,Junior Men,-,-,30
RADOVICH Matej,Junior Men,-,-,33
PAJK Maj,Junior Men,-,-,39
BOSSHARD Delfo,Junior Men,-,-,41
BLACKBURN Finnigan,Junior Men,-,-,43
SMITH Asher,Junior Men,-,-,44
LONG Isaac,Junior Men,-,-,57
LEIBFARTH Evy,U23 Women,1,2,4
PANKOVA Zuzana,U23 Women,2,4,25
HOCEVAR Eva Alina,U23 Women,3,1,9
LUKNAROVA Emanuela,U23 Women,4,13,38
DELASSUS Doriane,U23 Women,5,8,1
MILLER Ellis,U23 Women,6,34,-
MORENOVA Adriana,U23 Women,7,-,-
KNEBLOVA Tereza,U23 Women,8,-,7
MICOZZI Elena,U23 Women,9,-,-
LAURENT Zoe,U23 Women,10,-,-
RAPPE Kimberley,U23 Women,11,-,-
KRECH Lucie,U23 Women,12,-,-
BORGHI Elena,U23 Women,13,-,-
SAMKOVA Olga,U23 Women,14,-,13
ANANYEVA Anastassiya,U23 Women,15,44,43
O'CALLAGHAN Georgia,U23 Women,16,24,16
GUTIERREZ Malen,U23 Women,17,-,-
HORLOVA Oleksandra,U23 Women,18,39,20
LOGACHEVA Taisiia,U23 Women,19,41,14
PINTERIC Naja,U23 Women,20,25,11
PANZLAFF Jannemien,U23 Women,21,-,-
CORCORAN Michaela,U23 Women,22,-,-
CROSBEE Sarah,U23 Women,23,31,44
STERRY Sadie,U23 Women,24,-,-
CULLWICK Kahlia,U23 Women,25,27,39
GONZALEZ Clara,U23 Women,26,-,-
HORLOVA Valentyna,U23 Women,27,32,33
PESCE-ROUE Nina,U23 Women,28,45,-
LIU Gaoyi,U23 Women,29,40,-
BELINGAR Sara,U23 Women,30,14,-
NOVYSH Marina,U23 Women,31,16,15
BEDNARCZYK Martyna,U23 Women,32,-,-
TARANTSEVA Yekaterina,U23 Women,33,20,47
LIBER Katarzyna,U23 Women,34,-,-
DURATNA Stanislava,U23 Women,35,-,-
LOPEZ Nora,U23 Women,36,-,-
NIAMTHONG Jaruwan,U23 Women,37,48,51
BUETIKOFER Fia,U23 Women,38,-,23
ALTMAN Marcella,U23 Women,39,26,6
SOMMERNES Iris,U23 Women,40,42,42
CHOMKOGSUNG Kanda,U23 Women,41,-,-
CLEMENTS Claire,U23 Women,42,35,40
PLATA Laura,U23 Women,43,49,24
LEAVER Lois,U23 Women,-,3,2
BRZESKA Dominika,U23 Women,-,5,26
BEKOVA Katerina,U23 Women,-,6,3
PIRRO Paulina,U23 Women,-,7,27
PIGNAT Caterina,U23 Women,-,9,34
CHLEBOVA Ivana,U23 Women,-,10,22
MRAZKOVA Klara,U23 Women,-,11,-
SEGURA Haizea,U23 Women,-,12,5
MATTI Svenja,U23 Women,-,15,12
WU Ting-I,U23 Women,-,17,35
KANG Macy,U23 Women,-,18,19
OLSON Beatrice,U23 Women,-,19,30
DANEK Dominika,U23 Women,-,20,-
VUITTON Emma,U23 Women,-,22,17
SRIBAR Ria,U23 Women,-,23,32
NESNIDALOVA Lucie,U23 Women,-,28,-
GONI Leire,U23 Women,-,29,18
PLOCHMANN Antonia,U23 Women,-,30,10
ZOU Yuhan,U23 Women,-,33,-
MAKACHEVA Angelina,U23 Women,-,36,29
ODRIOZOLA Maite,U23 Women,-,37,-
AGUIRRE GONZALEZ Florencia,U23 Women,-,38,36
SHEAFF Holly,U23 Women,-,43,-
CHOUHAN Shikha,U23 Women,-,46,46
PISTONI Lucia,U23 Women,-,47,8
DUC Jessica,U23 Women,-,50,45
CARVALHO Leonor,U23 Women,-,51,50
MILLS Waris,U23 Women,-,52,41
WOOD Emmi,U23 Women,-,53,52
BERRIO Eoid,U23 Women,-,54,49
DRESCHER Tamara,U23 Women,-,0,-
JOUBERT Perrine,U23 Women,-,-,21
WILD Charlotte,U23 Women,-,-,28
PLANES Jana,U23 Women,-,-,31
SHATTOCK Katherine,U23 Women,-,-,37
ZIZMARE Marta,U23 Women,-,-,48
KRATOCHVIL Lukas,U23 Men,1,-,-
PUCHNER Oliver,U23 Men,2,-,30
SEGURA Alex,U23 Men,3,-,29
KRATOCHVIL Martin,U23 Men,4,-,-
BARZON Martino,U23 Men,5,-,-
KIES Benjamin,U23 Men,6,-,-
DEBLIQUY Elouan,U23 Men,7,-,-
DEBLIQUY Mewen,U23 Men,8,-,-
SENECHAULT Yohann,U23 Men,9,-,-
ROYLE Luc,U23 Men,10,-,-
TRIPANO Manuel,U23 Men,11,15,63
MAIUTTO Elio,U23 Men,12,-,-
NOWOBILSKI Szymon,U23 Men,13,-,-
BALDONI Alex,U23 Men,14,79,15
KRAL Adam,U23 Men,15,-,-
SOWIZRAL Szymon,U23 Men,16,-,-
IMAZ Markel,U23 Men,17,-,-
ROZENTALS Klass Francisks,U23 Men,18,-,53
VICENTE Marc,U23 Men,19,-,-
ROSS Benjamin,U23 Men,20,-,-
GUTKNECHT Patrick,U23 Men,21,-,6
KSIAZEK Krzysztof,U23 Men,22,-,-
ELLIS Declan,U23 Men,23,-,-
GINZEL Konrad,U23 Men,24,-,-
SPAGNOL Marino,U23 Men,25,-,-
KHARLAMTSEV Aleksandr,U23 Men,25,-,-
MCDONALD Edward,U23 Men,27,-,82
SARAMANDIF Terence,U23 Men,28,-,54
STAFFEN David,U23 Men,29,-,-
SAITO Shota,U23 Men,30,-,-
KRAJCI Samuel,U23 Men,31,-,-
JANOVCIK Adam,U23 Men,32,-,-
FEDORENKO Oleksandr,U23 Men,33,34,8
SUESS Philipp,U23 Men,34,-,-
FRANCIS Nathaniel,U23 Men,35,-,58
SENIOR James,U23 Men,36,-,-
PANKHURST George,U23 Men,37,-,-
SMIRNOV Egor,U23 Men,38,18,16
BOHN Luca,U23 Men,39,-,-
POLISHCHUK Bohdan,U23 Men,40,-,-
ANTONOV Sergei,U23 Men,41,-,76
YAZICI Emir Fazil,U23 Men,42,-,-
MCKAY Owen,U23 Men,43,53,-
PARLAK Mustafa,U23 Men,44,-,79
CHANG Fu-Hua,U23 Men,45,-,84
KRIZAJ Adam,U23 Men,46,-,-
ANDERSON Finn,U23 Men,47,-,45
VARSLAVANS Emils,U23 Men,48,-,-
ESCOBAR PUGGIA Nahuel,U23 Men,49,44,52
KOETSUK Piyanath,U23 Men,50,70,62
KONOVCHENKO Nikita,U23 Men,51,-,-
ZIMMERMAN Isaac,U23 Men,52,29,75
PHUTTRAKSA Chonlasit,U23 Men,53,-,80
YOUSRI Jalil Ilias,U23 Men,54,63,-
SMITH Philip,U23 Men,55,-,-
FIANDER Carl,U23 Men,56,-,71
WU Jung-Cheng,U23 Men,57,-,60
PLAUDIS Martins,U23 Men,58,61,47
SOTO Geral,U23 Men,59,69,59
LICEN Matic,U23 Men,60,-,-
LIDSTROEM Yann,U23 Men,0,0,-
CASTRYCK Titouan,U23 Men,-,1,2
FERRAZZI Xabier,U23 Men,-,2,3
CONTRERAS Manel,U23 Men,-,3,27
PISTONI Michele,U23 Men,-,4,23
KREJCI Jakub,U23 Men,-,5,13
CORNU Martin,U23 Men,-,6,14
LEAVER Sam,U23 Men,-,7,5
DIETZ Enrico,U23 Men,-,8,81
RUDORFER Martin,U23 Men,-,9,21
NOVAK Matyas,U23 Men,-,10,9
MONTALTO Sebastian,U23 Men,-,11,-
IVCHENKO Artem,U23 Men,-,12,25
LOCNIKAR Jan,U23 Men,-,13,22
FARRAN Miquel,U23 Men,-,14,28
GRIMANDI Gabriele,U23 Men,-,16,-
PERREAU Noe,U23 Men,-,17,-
FEHLMANN Nicolas,U23 Men,-,19,-
PETRUSHEV Angel,U23 Men,-,20,-
MISHIMA Yu,U23 Men,-,21,46
ROHRER Pitt,U23 Men,-,22,26
KOZLOV Ivan,U23 Men,-,23,11
KUCHNO Tadeusz,U23 Men,-,24,7
STANZEL Christian,U23 Men,-,25,-
KREMSLEHNER Moritz,U23 Men,-,26,34
KONRAD Marten,U23 Men,-,27,-
STAFFEN Matus,U23 Men,-,28,-
HANRAHAN Jonah,U23 Men,-,30,-
CANO MOLE Luca,U23 Men,-,31,51
ZEITLHOFER Simon,U23 Men,-,32,33
SOVKO Serhii,U23 Men,-,33,37
STANKO Filip,U23 Men,-,35,40
JEKLIN Rene,U23 Men,-,36,41
ANDEREGG Noe,U23 Men,-,37,-
COLLIER Nicholas,U23 Men,-,38,1
CIAGLO Michal,U23 Men,-,39,68
MAYER Thomas,U23 Men,-,39,10
UKALOVIC Thomas,U23 Men,-,41,32
WILHELMER Noah,U23 Men,-,42,77
CHRISTIE-WILLIAMS John Coleman,U23 Men,-,43,-
GALOVIC Maximilian,U23 Men,-,45,-
MARTINEZ Jesus,U23 Men,-,45,35
LIAO Li-Hong,U23 Men,-,47,-
LONG Kyler James,U23 Men,-,48,18
LONG Merle,U23 Men,-,49,17
YILMAZ Serkan Ozcan,U23 Men,-,50,-
ETTWILLER Gael,U23 Men,-,51,83
SAVLI Jakob,U23 Men,-,52,65
COWAN Padraig,U23 Men,-,54,50
NESHIME Daisuke,U23 Men,-,55,57
PILBROW Ben,U23 Men,-,56,-
MAMBETOV Imangali,U23 Men,-,57,55
KITAMURA Koki,U23 Men,-,58,12
CARNEIRO Victor Eduardo,U23 Men,-,59,61
TASKIRAN Hasan Mert,U23 Men,-,60,-
FIANDER Ossian,U23 Men,-,62,56
FIANDER Gustaf,U23 Men,-,64,66
BIERMANS Nils,U23 Men,-,65,49
NEDELJKOVIC Milutin,U23 Men,-,66,-
VAINAUSKAS Paulius,U23 Men,-,67,-
DEL TESO Mario,U23 Men,-,68,-
REINOSO Fernando,U23 Men,-,71,67
MACIJAUSKS Martins,U23 Men,-,72,74
PETKEVICIUS Herkus,U23 Men,-,73,-
PARK Moorim,U23 Men,-,74,70
CURTIN Dominic,U23 Men,-,75,19
VAN HEERDEN Matthew,U23 Men,-,76,64
MARTINS Pedro,U23 Men,-,77,69
FRIEDENSON Kaelin,U23 Men,-,78,20
VERNON Reilly,U23 Men,-,80,-
MASTALSKI Mikolaj,U23 Men,-,81,36
JEMAI Salim,U23 Men,-,82,48
YILMAZ Kubilay,U23 Men,-,83,-
JACQUES Arthur,U23 Men,-,84,-
RATHOD Pradhyumna Singh,U23 Men,-,85,78
PELITE Peteris,U23 Men,-,86,-
RAW Brayden,U23 Men,-,87,72
MAGAN Raage,U23 Men,-,0,-
MAGAN Aar,U23 Men,-,0,-
BENINI Gino,U23 Men,-,-,4
GALEA Riley,U23 Men,-,-,24
SACHERS Felix,U23 Men,-,-,31
DUDA Filip,U23 Men,-,-,38
SEVCIK Matej,U23 Men,-,-,39
BECKE David,U23 Men,-,-,42
CUIGNON Ludovico,U23 Men,-,-,43
KASPER Dominic,U23 Men,-,-,44
FARADAY Lachlan,U23 Men,-,-,73
ZWOLINSKA Klaudia,Senior Women,1,1,3
MINAZOVA Alsu,Senior Women,2,16,47
SATILA Ana,Senior Women,3,7,13
LEIBFARTH Evy,Senior Women,4,9,8
SATKOVA Martina,Senior Women,5,-,-
PANKOVA Zuzana,Senior Women,6,8,22
SATKOVA Gabriela,Senior Women,7,15,-
WOODS Kimberley,Senior Women,8,2,9
FOX Noemie,Senior Women,9,12,32
DORIA Monica,Senior Women,10,30,15
US Viktoriia,Senior Women,11,11,11
HOCEVAR Eva Alina,Senior Women,12,10,46
HERZOG Andrea,Senior Women,13,-,7
MARX Alena,Senior Women,14,24,20
LILIK Elena,Senior Women,15,14,-
FORROW Bethan,Senior Women,16,-,-
KOZOROG Alja,Senior Women,17,-,-
MILLER Ellis,Senior Women,18,-,-
LAZKANO Miren,Senior Women,19,-,21
TEUNISSEN Lena,Senior Women,20,36,12
WU Yishan,Senior Women,21,-,-
BERTONCELLI Marta,Senior Women,22,-,-
LUKNAROVA Emanuela,Senior Women,23,38,48
NOVAK Lea,Senior Women,24,47,-
LOGACHEVA Taisiia,Senior Women,25,-,-
DELASSUS Doriane,Senior Women,26,-,-
HUG Angele,Senior Women,27,-,1
BORGHI Elena,Senior Women,28,-,-
MORENOVA Adriana,Senior Women,29,-,-
VILARRUBLA Nuria,Senior Women,30,-,-
STANOVSKA Sona,Senior Women,31,13,19
HUANG Juan,Senior Women,32,-,-
BAYN Nele,Senior Women,33,-,29
ESTACIA NETA Omira,Senior Women,34,41,26
GORA Aleksandra,Senior Women,35,-,28
CORCORAN Michaela,Senior Women,36,-,-
LIU Gaoyi,Senior Women,37,-,-
O'CALLAGHAN Georgia,Senior Women,38,-,50
PRIOUX Lucie,Senior Women,39,-,-
ALTMAN Marcella,Senior Women,40,33,35
PLATA Laura,Senior Women,41,42,37
CHUNG Yu-Han,Senior Women,42,-,-
DANEK Hanna,Senior Women,43,35,-
GARIFIANOVA Elina,Senior Women,44,-,-
FERNANDES CASTRO Ana Paula,Senior Women,45,52,-
ECKHARDT Kate,Senior Women,46,3,-
REX Rosie,Senior Women,47,-,23
OLAZABAL Klara,Senior Women,48,-,-
CHOU Chih-Chin,Senior Women,49,-,-
CULLWICK Kahlia,Senior Women,50,44,-
FUNK Ricarda,Senior Women,-,4,6
CHOURRAUT Maialen,Senior Women,-,5,4
PRIGENT Camille,Senior Women,-,6,2
GALUSKOVA Antonie,Senior Women,-,17,-
LEAVER Lois,Senior Women,-,18,31
VUITTON Emma,Senior Women,-,19,17
SETCHELL Nikita,Senior Women,-,20,5
GONI Leire,Senior Women,-,21,-
NOVAK Ajda,Senior Women,-,22,25
PIETRACHA Eva,Senior Women,-,23,-
SRIBAR Ria,Senior Women,-,25,-
SORRIBES Laia,Senior Women,-,26,30
YAZAWA Aki,Senior Women,-,27,49
XIE Xueting,Senior Women,-,28,42
LI Shiting,Senior Women,-,29,14
KRYLOVA Kseniia,Senior Women,-,31,16
BRZESKA Dominika,Senior Women,-,32,33
WILLIAMS Courtney,Senior Women,-,34,39
WU Ting-I,Senior Women,-,37,45
SOKOLOVA Mariia,Senior Women,-,39,34
NESNIDALOVA Lucie,Senior Women,-,40,-
REINOSO Sofia,Senior Women,-,43,38
REN Ye,Senior Women,-,45,-
XHEMAJLJI Blandine,Senior Women,-,46,43
APEL Emily,Senior Women,-,48,-
CHANG Chu-Han,Senior Women,-,49,24
CROSBEE Sarah,Senior Women,-,50,-
SABATTINI Chiara,Senior Women,-,51,18
MILLS Waris,Senior Women,-,53,36
KURIA Michelle Wambui,Senior Women,-,-,51
KNEBLOVA Tereza,Senior Women,-,-,10
HILGERTOVA Amalie,Senior Women,-,-,27
DAVIDSON Codie,Senior Women,-,-,40
PITCHER FARRELL Cleo,Senior Women,-,-,41
SAMKOVA Olga,Senior Women,-,-,44
GESTIN Nicolas,Senior Men,1,-,-
WESTLEY Ryan,Senior Men,2,-,-
BASSETT Kaylen,Senior Men,3,-,-
TRAVE Miquel,Senior Men,4,16,-
BENUS Matej,Senior Men,5,-,-
SZTUBA Kacper,Senior Men,6,-,-
BOZIC Luka,Senior Men,7,-,-
TUCHSCHERER Lennard,Senior Men,8,-,-
SAVSEK Benjamin,Senior Men,9,-,-
MARTIKAN Michal,Senior Men,10,-,-
DIAZ Oier,Senior Men,11,-,-
MIRGORODSKY Marko,Senior Men,12,-,-
SENECHAULT Yohann,Senior Men,13,-,-
BURGESS Adam,Senior Men,14,-,-
CECCON Paolo,Senior Men,15,-,-
KHARLAMTSEV Aleksandr,Senior Men,16,-,-
KOECHLIN Thomas,Senior Men,17,-,-
BARZON Martino,Senior Men,18,-,-
PRSKAVEC Jiri,Senior Men,19,3,-
ROSS Benjamin,Senior Men,20,-,-
VICENTE Marc,Senior Men,21,-,-
ROYLE Luc,Senior Men,22,-,-
ZHANG Zhicheng,Senior Men,23,-,-
KRAL Adam,Senior Men,24,-,-
CORREA Charles,Senior Men,25,-,-
SMIRNOV Egor,Senior Men,26,11,63
CARTER Tristan,Senior Men,27,-,-
HENDRICK Robert,Senior Men,28,-,-
KLEVLEEV Anvar,Senior Men,29,-,-
HEGER Vojtech,Senior Men,30,-,-
WIERCIOCH Michal,Senior Men,31,-,-
KHRAMTSOV Dmitrii,Senior Men,32,-,-
JEGOU Liam,Senior Men,33,-,-
DEBLIQUY Mewen,Senior Men,34,-,-
BALDONI Alex,Senior Men,35,56,20
LOKKEN Zachary,Senior Men,36,-,-
DA SILVA Kaua,Senior Men,37,-,-
EICHFELD Casey,Senior Men,38,-,-
OTTEN Joris,Senior Men,39,-,-
PUCHNER Oliver,Senior Men,40,-,-
COCHRANE Jake,Senior Men,41,-,-
NOWOBILSKI Szymon,Senior Men,42,-,-
SENIOR James,Senior Men,43,-,-
MARINIC Matija,Senior Men,44,-,-
ANDERSON Finn,Senior Men,45,-,-
HANEDA Takuya,Senior Men,46,-,-
TRIPANO Manuel,Senior Men,47,53,59
WABU Youzhuacier,Senior Men,48,-,-
WU Jung-Cheng,Senior Men,49,-,-
SAITO Shota,Senior Men,50,-,-
HARRIS Ryker,Senior Men,51,-,-
PARRY Daniel,Senior Men,52,-,-
ZHANG Peng,Senior Men,53,-,-
MICOZZI Flavio,Senior Men,54,-,-
CURCEL Leonardo,Senior Men,55,-,-
PLAUDIS Martins,Senior Men,56,64,58
FENTANES Ricardo,Senior Men,57,-,-
HOCEVAR Ziga Lin,Senior Men,58,35,19
ZIMMERMANN Niels,Senior Men,59,-,-
PARLAK Mustafa,Senior Men,60,-,72
NG Wee Meng,Senior Men,61,-,69
MUCHIRI Samuel,Senior Men,-,-,71
CASTRYCK Titouan,Senior Men,-,1,6
KREJCI Jakub,Senior Men,-,2,8
BUTCHER Finn,Senior Men,-,4,5
DELFOUR Lucien,Senior Men,-,5,16
KAUZER Peter,Senior Men,-,6,-
DELASSUS Anatole,Senior Men,-,7,-
DE COSTER Gabriel,Senior Men,-,8,40
LEITNER Mario,Senior Men,-,9,24
ANDERSON Timothy,Senior Men,-,10,18
DE GENNARO Giovanni,Senior Men,-,12,15
POLACZYK Mateusz,Senior Men,-,13,11
FERRAZZI Xabier,Senior Men,-,14,39
HALCIN Martin,Senior Men,-,15,32
HENGST Stefan,Senior Men,-,17,30
DICKSON Jonny,Senior Men,-,18,17
DESNOS Mathieu,Senior Men,-,19,66
ECHANIZ Pau,Senior Men,-,20,44
DOUGOUD Martin,Senior Men,-,21,35
HENDRICK Noel,Senior Men,-,22,-
ADACHI Kazuya,Senior Men,-,23,-
KOZLOV Ivan,Senior Men,-,24,38
ROHRER Jan,Senior Men,-,25,26
MUTO Yusuke,Senior Men,-,26,64
POPE Benjamin,Senior Men,-,27,36
GRIGAR Jakub,Senior Men,-,28,14
TANAKA Yuuki,Senior Men,-,29,53
BEDA Marcello,Senior Men,-,30,-
BRZEZINSKI Jakub,Senior Men,-,31,33
AUBERTIN Maxime,Senior Men,-,31,4
CLARKE Joseph,Senior Men,-,33,1
GONSENICA Adam,Senior Men,-,34,61
RENIA Benjamin,Senior Men,-,36,9
BARTA Jan,Senior Men,-,37,-
LYU Luhui,Senior Men,-,38,22
SNOOK George,Senior Men,-,39,70
CHIARELLO Gelindo,Senior Men,-,40,41
HUANG Liman,Senior Men,-,41,62
EIGEL Pavel,Senior Men,-,42,34
VERNON Reilly,Senior Men,-,43,-
JACOB Lucas,Senior Men,-,44,67
ZHANG Jiahao,Senior Men,-,45,47
WU Shao-Hsuan,Senior Men,-,46,50
ALVARENGA Frederico,Senior Men,-,47,51
CUNHA Joao,Senior Men,-,48,54
UKALOVIC Thomas,Senior Men,-,49,48
MCCREERY Alistair,Senior Men,-,50,27
GONCALVES Pedro,Senior Men,-,51,12
IVCHENKO Artem,Senior Men,-,52,31
KREMSLEHNER Moritz,Senior Men,-,54,46
SOVKO Serhii,Senior Men,-,55,37
PETRUSHEV Angel,Senior Men,-,57,73
ZIELONKA Mark,Senior Men,-,58,55
LONG Kyler James,Senior Men,-,59,57
LIAO Li-Hong,Senior Men,-,60,65
REINOSO Antonio,Senior Men,-,61,60
ECHEVERRIA OLGUIN Andraz,Senior Men,-,62,42
BOYD Trevor,Senior Men,-,63,45
SRABOTNIK Martin,Senior Men,-,65,-
POPIELA Dariusz,Senior Men,-,66,-
HAYLETT Ben,Senior Men,-,67,-
HEGGE Noah,Senior Men,-,68,7
LLORENTE David,Senior Men,-,69,25
MAPELLI Guilherme,Senior Men,-,70,52
FRIEDENSON Kaelin,Senior Men,-,71,56
COLLIER Nicholas,Senior Men,-,72,21
WESTFALL Tyler,Senior Men,-,73,-
GUBENKO Nikita,Senior Men,-,74,43
MADORE Mathurin,Senior Men,-,-,2
NOVAK Matyas,Senior Men,-,-,3
LEAVER Sam,Senior Men,-,-,10
OCHOA Manuel,Senior Men,-,-,13
KUCHNO Tadeusz,Senior Men,-,-,23
ROELLER Tillmann,Senior Men,-,-,28
RUDORFER Martin,Senior Men,-,-,29
LOCNIKAR Jan,Senior Men,-,-,49
NIJHAWAN Nikhil,Senior Men,-,-,68