Season,Competition,Category,Athlete,C1,K1,X1,,,
2025,World Championships,Junior Women,STEPANKOVA Marketa,1,-,-,,,
2025,World Championships,Junior Women,KRECH Neele,2,-,26,,,
2025,World Championships,Junior Women,BLYTHE-SHIELDS Zoe,3,47,-,,,
2025,World Championships,Junior Women,OETTING Carden,4,9,18,,,
2025,World Championships,Junior Women,MUELLER Maxi,5,-,-,,,
2025,World Championships,Junior Women,ONDRACKOVA Barbora,6,2,-,,,
2025,World Championships,Junior Women,GOIKOETXEA Ainara,7,35,3,,,
2025,World Championships,Junior Women,VUILLEUMIER Eyleen,8,18,14,,,
2025,World Championships,Junior Women,SIMONA Anna,9,23,7,,,
2025,World Championships,Junior Women,SEGURA Ainhoa,10,48,-,,,
2025,World Championships,Junior Women,REX Rosie,11,40,8,,,
2025,World Championships,Junior Women,KOCIROVA Valentyna,12,-,-,,,
2025,World Championships,Junior Women,SENICA Lea,13,29,29,,,
2025,World Championships,Junior Women,IWANIEC Patrycja,14,-,38,,,
2025,World Championships,Junior Women,ZAHORSKA Zara,15,20,31,,,
2025,World Championships,Junior Women,BOOCOCK Freja,16,25,30,,,
2025,World Championships,Junior Women,KIRKOWSKA Julia,17,-,-,,,
2025,World Championships,Junior Women,CRINO Lucy,18,22,-,,,
2025,World Championships,Junior Women,LAPEZE Margot,19,10,5,,,
2025,World Championships,Junior Women,ALTMAN Isabella,20,13,15,,,
2025,World Championships,Junior Women,LALY Laurette,21,-,52,,,
2025,World Championships,Junior Women,CUIGNON Vittoria,22,-,-,,,
2025,World Championships,Junior Women,DANEK Hanna,23,1,17,,,
2025,World Championships,Junior Women,DAVIDSON Codie,24,30,20,,,
2025,World Championships,Junior Women,MOINIAN Florance,25,-,-,,,
2025,World Championships,Junior Women,MCMULLINS Darcey,26,-,23,,,
2025,World Championships,Junior Women,UFFER Leni,27,34,-,,,
2025,World Championships,Junior Women,DANISOVA Hana,28,38,-,,,
2025,World Championships,Junior Women,RIABIKOVA Elizaveta,29,37,10,,,
2025,World Championships,Junior Women,WILDE Jasmine,30,-,-,,,
2025,World Championships,Junior Women,NITTA Misora,31,-,-,,,
2025,World Championships,Junior Women,RELLIA Georgia,32,-,-,,,
2025,World Championships,Junior Women,CASTIGLIONE Nerea,33,11,12,,,
2025,World Championships,Junior Women,MACKIE Ada,34,36,39,,,
2025,World Championships,Junior Women,PERELEGRE Ona,35,52,34,,,
2025,World Championships,Junior Women,SOSKOVA Petra,36,-,-,,,
2025,World Championships,Junior Women,MAULETKAN Alua,37,58,36,,,
2025,World Championships,Junior Women,LOVATO Isabel,38,12,50,,,
2025,World Championships,Junior Women,TANAKA Hanon,39,-,33,,,
2025,World Championships,Junior Women,ZIMMERMAN Paige,40,50,32,,,
2025,World Championships,Junior Women,PICHARD Honorine,41,-,49,,,
2025,World Championships,Junior Women,SURMA Vladyslava,42,44,-,,,
2025,World Championships,Junior Women,BIELIETIEIEVA Anna,43,45,-,,,
2025,World Championships,Junior Women,ZIZMARE Marta,44,55,-,,,
2025,World Championships,Junior Women,KULIKOVA Anna,45,-,-,,,
2025,World Championships,Junior Women,TARE Eliza,46,51,45,,,
2025,World Championships,Junior Women,BLUME Mina,-,3,1,,,
2025,World Championships,Junior Women,MUELLER Nova,-,4,-,,,
2025,World Championships,Junior Women,YAN Di,-,5,35,,,
2025,World Championships,Junior Women,ALFER Sofia,-,6,-,,,
2025,World Championships,Junior Women,MANIET Lilou,-,7,16,,,
2025,World Championships,Junior Women,ABRAHAMOVA Karolina,-,8,28,,,
2025,World Championships,Junior Women,KONTCHAKOV Arina,-,14,25,,,
2025,World Championships,Junior Women,FABIANOVA Anna,-,15,6,,,
2025,World Championships,Junior Women,PIPREK Zuzanna,-,16,-,,,
2025,World Championships,Junior Women,HOJDOVA Marketa,-,17,-,,,
2025,World Championships,Junior Women,CADUFF Gianna,-,19,21,,,
2025,World Championships,Junior Women,LOCATELLI Judith,-,20,-,,,
2025,World Championships,Junior Women,SENONER Annika Zoe,-,24,-,,,
2025,World Championships,Junior Women,JUNG Britta,-,26,2,,,
2025,World Championships,Junior Women,KHARLAMOVA Anhelina,-,27,42,,,
2025,World Championships,Junior Women,YOSHIKAWA Satsuki,-,28,-,,,
2025,World Championships,Junior Women,VAN VLIET Veerle,-,31,51,,,
2025,World Championships,Junior Women,FURLAN Sara,-,32,-,,,
2025,World Championships,Junior Women,ONOZAWA Mine,-,33,19,,,
2025,World Championships,Junior Women,PATEMAN Tess,-,39,22,,,
2025,World Championships,Junior Women,KURVINA Elizabete,-,41,37,,,
2025,World Championships,Junior Women,DOONEY Mayah,-,42,-,,,
2025,World Championships,Junior Women,MOUHOUB Sophia Suzane Hada,-,43,41,,,
2025,World Championships,Junior Women,JOJCZYK Gabriela,-,46,-,,,
2025,World Championships,Junior Women,BROSSARD Suzanne,-,49,-,,,
2025,World Championships,Junior Women,TEUNISSEN Rosalina,-,53,47,,,
2025,World Championships,Junior Women,AVCU Ceren,-,54,40,,,
2025,World Championships,Junior Women,LAMBERMONT Claire,-,56,-,,,
2025,World Championships,Junior Women,TAOUFIK Meryem,-,57,46,,,
2025,World Championships,Junior Women,SANCHEZ Rafaela,-,59,43,,,
2025,World Championships,Junior Women,TROWER Hannah,-,60,48,,,
2025,World Championships,Junior Women,BIYINZIKA Martha,-,61,44,,,
2025,World Championships,Junior Women,YATES Olwen,-,-,4,,,
2025,World Championships,Junior Women,BELMONTE Jana,-,-,9,,,
2025,World Championships,Junior Women,RHEIN Carla,-,-,11,,,
2025,World Championships,Junior Women,VACULOVA Lucie,-,-,13,,,
2025,World Championships,Junior Women,LONG Olivia,-,-,24,,,
2025,World Championships,Junior Women,VOJTIKOVA Klara,-,-,27,,,
2025,World Championships,Junior Men,DIAZ Oier,1,6,2,,,
2025,World Championships,Junior Men,HOCEVAR Ziga Lin,2,2,1,,,
2025,World Championships,Junior Men,ESTANGUET Titouan,3,3,9,,,
2025,World Championships,Junior Men,VONES Jakub,4,-,-,,,
2025,World Championships,Junior Men,ULMER Leo,5,-,-,,,
2025,World Championships,Junior Men,BRANDENBURG Pascal,6,-,-,,,
2025,World Championships,Junior Men,UNGVARI Jakob,7,-,-,,,
2025,World Championships,Junior Men,PONTAROLLO Riccardo,8,-,-,,,
2025,World Championships,Junior Men,ZACHOS Ioannis,9,-,-,,,
2025,World Championships,Junior Men,TROJANSEK Matej,10,-,-,,,
2025,World Championships,Junior Men,SENECHAULT Matheo,11,-,-,,,
2025,World Championships,Junior Men,VICENTE Jan,12,-,-,,,
2025,World Championships,Junior Men,REZABEK Dominik,13,-,-,,,
2025,World Championships,Junior Men,WEBER Anton,14,-,-,,,
2025,World Championships,Junior Men,DEUS Oihan,15,-,-,,,
2025,World Championships,Junior Men,EGYHAZY Dominik,16,-,-,,,
2025,World Championships,Junior Men,FINA Dennis,17,-,-,,,
2025,World Championships,Junior Men,JEKLIN Andrej,18,-,-,,,
2025,World Championships,Junior Men,MILLER Leo,19,-,-,,,
2025,World Championships,Junior Men,ARDEN Lewis,20,-,-,,,
2025,World Championships,Junior Men,SENONER Lars Aaron,21,-,-,,,
2025,World Championships,Junior Men,HAN Peter,22,-,-,,,
2025,World Championships,Junior Men,KOROBOV Alexandr,23,16,62,,,
2025,World Championships,Junior Men,PARRY Daniel,24,27,-,,,
2025,World Championships,Junior Men,OBLINGER Milo,25,26,40,,,
2025,World Championships,Junior Men,PAGE-BROWN Fergus,26,42,22,,,
2025,World Championships,Junior Men,TANAKA Shunsuke,27,-,54,,,
2025,World Championships,Junior Men,STAMP James,28,25,71,,,
2025,World Championships,Junior Men,GEVAERT Tyler,29,24,20,,,
2025,World Championships,Junior Men,LESNIAK Gabriel,30,-,-,,,
2025,World Championships,Junior Men,MINTAL Miroslav,31,-,-,,,
2025,World Championships,Junior Men,HANZEL Jachym,32,-,-,,,
2025,World Championships,Junior Men,VAINAUSKAS Paulius,33,-,-,,,
2025,World Championships,Junior Men,NOGAJ Kadin,34,33,-,,,
2025,World Championships,Junior Men,CHECA BARO Nil,35,62,19,,,
2025,World Championships,Junior Men,BIERNAT Piotr,36,-,-,,,
2025,World Championships,Junior Men,LARICHE Ian,37,-,-,,,
2025,World Championships,Junior Men,DERMATIS Kyriakos,38,-,-,,,
2025,World Championships,Junior Men,MEILI Riccardo,39,-,-,,,
2025,World Championships,Junior Men,VOEGTLIN Theo,40,-,-,,,
2025,World Championships,Junior Men,LINDEMANN Cody,41,-,-,,,
2025,World Championships,Junior Men,PETRENKO Vasyl,42,-,-,,,
2025,World Championships,Junior Men,POSATSKYI Kyrylo,43,-,-,,,
2025,World Championships,Junior Men,BATASHEV Oleksii,44,66,-,,,
2025,World Championships,Junior Men,BOIVIN Anton,45,-,49,,,
2025,World Championships,Junior Men,DAUNORAS Kornelijus,46,49,36,,,
2025,World Championships,Junior Men,BILLAUT Sevan,47,17,28,,,
2025,World Championships,Junior Men,TSENG Hsin-Kuang,48,-,-,,,
2025,World Championships,Junior Men,BERTHELOT Joachim,49,34,42,,,
2025,World Championships,Junior Men,PATELIS Nikolaos,50,-,-,,,
2025,World Championships,Junior Men,NOR George,51,-,63,,,
2025,World Championships,Junior Men,ONGCHIT Nantipat,52,-,72,,,
2025,World Championships,Junior Men,POKSANS Dags,53,64,67,,,
2025,World Championships,Junior Men,AYSAN Talu,54,-,-,,,
2025,World Championships,Junior Men,MOSUNOVS Stanislavs,55,59,-,,,
2025,World Championships,Junior Men,PUCZEL Igor,-,-,34,,,
2025,World Championships,Junior Men,KOPECEK Michal,-,1,8,,,
2025,World Championships,Junior Men,ROMANO Daniele,-,4,-,,,
2025,World Championships,Junior Men,FOZ Didac,-,5,6,,,
2025,World Championships,Junior Men,SEIBERT Joseph,-,7,-,,,
2025,World Championships,Junior Men,WILLIAMS Gwion,-,8,7,,,
2025,World Championships,Junior Men,DAVY Clement,-,9,25,,,
2025,World Championships,Junior Men,LARYEA Nelian,-,10,-,,,
2025,World Championships,Junior Men,TILINGER Tadej,-,11,-,,,
2025,World Championships,Junior Men,MEDVID Artur,-,12,-,,,
2025,World Championships,Junior Men,PISTONI Nicola,-,13,26,,,
2025,World Championships,Junior Men,STEINBRENNER Max,-,14,64,,,
2025,World Championships,Junior Men,SMIESKO Michal,-,15,65,,,
2025,World Championships,Junior Men,SAITO Teppei,-,18,56,,,
2025,World Championships,Junior Men,PETIT Tao,-,19,18,,,
2025,World Championships,Junior Men,JABLONSKI Joachim,-,20,-,,,
2025,World Championships,Junior Men,CHU Hung-Yu,-,21,35,,,
2025,World Championships,Junior Men,REDLING Tim,-,22,-,,,
2025,World Championships,Junior Men,KULCZYCKI Marek,-,23,12,,,
2025,World Championships,Junior Men,CLOTET JUANMARTI Faust,-,28,3,,,
2025,World Championships,Junior Men,SKUBIK David,-,29,16,,,
2025,World Championships,Junior Men,VELIKONJA Tjas,-,30,-,,,
2025,World Championships,Junior Men,PARKER Jayden,-,31,14,,,
2025,World Championships,Junior Men,KIRBY Harry,-,32,10,,,
2025,World Championships,Junior Men,LEHNER Paul,-,35,15,,,
2025,World Championships,Junior Men,BELOT DE LA HUNAUDAYE Brando,-,36,32,,,
2025,World Championships,Junior Men,FROHLICH Jachym,-,37,-,,,
2025,World Championships,Junior Men,KRACHKO Arkhyp,-,38,17,,,
2025,World Championships,Junior Men,SAMPSON Joseph,-,39,46,,,
2025,World Championships,Junior Men,DUDA Filip,-,40,-,,,
2025,World Championships,Junior Men,MATVIIENKO Rostyslav,-,41,23,,,
2025,World Championships,Junior Men,PINHEIRO Afonso,-,43,31,,,
2025,World Championships,Junior Men,SHCHEHLOV Gordey,-,44,52,,,
2025,World Championships,Junior Men,LIMA Antonio,-,45,51,,,
2025,World Championships,Junior Men,LIGNE Adrian,-,46,48,,,
2025,World Championships,Junior Men,CHOULIARAS Alexandros,-,47,-,,,
2025,World Championships,Junior Men,HAAKENSON Connar,-,48,-,,,
2025,World Championships,Junior Men,AFRATIS-GEORGIOU Christos,-,50,-,,,
2025,World Championships,Junior Men,NIJHAWAN Nikhil,-,51,38,,,
2025,World Championships,Junior Men,THOMAS Dominic,-,52,21,,,
2025,World Championships,Junior Men,ROHRMEISTER Lukas,-,53,66,,,
2025,World Championships,Junior Men,AUZNIEKS Klavs,-,54,53,,,
2025,World Championships,Junior Men,POPIERA Rokas,-,55,60,,,
2025,World Championships,Junior Men,KODA Keisaku,-,56,24,,,
2025,World Championships,Junior Men,BASIAKOS Konstantinos,-,57,-,,,
2025,World Championships,Junior Men,MAGAN Raage,-,58,70,,,
2025,World Championships,Junior Men,RIVADENEYRA Nicolas,-,60,61,,,
2025,World Championships,Junior Men,PANZER Martin,-,61,4,,,
2025,World Championships,Junior Men,SEEBACHER Jakob,-,63,45,,,
2025,World Championships,Junior Men,AVERKINAS Adrijus,-,65,37,,,
2025,World Championships,Junior Men,VENNIKER Scott,-,67,55,,,
2025,World Championships,Junior Men,LIN Yu-Chia,-,68,59,,,
2025,World Championships,Junior Men,HAMERSKI Mateusz,-,69,-,,,
2025,World Championships,Junior Men,LAMBERMONT Loic,-,70,47,,,
2025,World Championships,Junior Men,TEUNISSEN Barrie,-,71,68,,,
2025,World Championships,Junior Men,BUETIKOFER Arik,-,72,13,,,
2025,World Championships,Junior Men,GOTTE James,-,73,69,,,
2025,World Championships,Junior Men,MAGAN Aar,-,74,50,,,
2025,World Championships,Junior Men,CARRASCO CADILLO Juan Antonio,-,-,58,,,
2025,World Championships,Junior Men,CHRISTIE WILLIAMS Wyatt,-,-,-,,,
2025,World Championships,Junior Men,KAEDING Kilian,-,-,5,,,
2025,World Championships,Junior Men,NEUMANN Kalle,-,-,11,,,
2025,World Championships,Junior Men,VENETIANER Martin,-,-,27,,,
2025,World Championships,Junior Men,PETRIK Marek,-,-,29,,,
2025,World Championships,Junior Men,KRAMER Jernej,-,-,30,,,
2025,World Championships,Junior Men,RADOVICH Matej,-,-,33,,,
2025,World Championships,Junior Men,PAJK Maj,-,-,39,,,
2025,World Championships,Junior Men,BOSSHARD Delfo,-,-,41,,,
2025,World Championships,Junior Men,BLACKBURN Finnigan,-,-,43,,,
2025,World Championships,Junior Men,SMITH Asher,-,-,44,,,
2025,World Championships,Junior Men,LONG Isaac,-,-,57,,,
2025,World Championships,U23 Women,LEIBFARTH Evy,1,2,4,,,
2025,World Championships,U23 Women,PANKOVA Zuzana,2,4,25,,,
2025,World Championships,U23 Women,HOCEVAR Eva Alina,3,1,9,,,
2025,World Championships,U23 Women,LUKNAROVA Emanuela,4,13,38,,,
2025,World Championships,U23 Women,DELASSUS Doriane,5,8,1,,,
2025,World Championships,U23 Women,MILLER Ellis,6,34,-,,,
2025,World Championships,U23 Women,MORENOVA Adriana,7,-,-,,,
2025,World Championships,U23 Women,KNEBLOVA Tereza,8,-,7,,,
2025,World Championships,U23 Women,MICOZZI Elena,9,-,-,,,
2025,World Championships,U23 Women,LAURENT Zoe,10,-,-,,,
2025,World Championships,U23 Women,RAPPE Kimberley,11,-,-,,,
2025,World Championships,U23 Women,KRECH Lucie,12,-,-,,,
2025,World Championships,U23 Women,BORGHI Elena,13,-,-,,,
2025,World Championships,U23 Women,SAMKOVA Olga,14,-,13,,,
2025,World Championships,U23 Women,ANANYEVA Anastassiya,15,44,43,,,
2025,World Championships,U23 Women,O'CALLAGHAN Georgia,16,24,16,,,
2025,World Championships,U23 Women,GUTIERREZ Malen,17,-,-,,,
2025,World Championships,U23 Women,HORLOVA Oleksandra,18,39,20,,,
2025,World Championships,U23 Women,LOGACHEVA Taisiia,19,41,14,,,
2025,World Championships,U23 Women,PINTERIC Naja,20,25,11,,,
2025,World Championships,U23 Women,PANZLAFF Jannemien,21,-,-,,,
2025,World Championships,U23 Women,CORCORAN Michaela,22,-,-,,,
2025,World Championships,U23 Women,CROSBEE Sarah,23,31,44,,,
2025,World Championships,U23 Women,STERRY Sadie,24,-,-,,,
2025,World Championships,U23 Women,CULLWICK Kahlia,25,27,39,,,
2025,World Championships,U23 Women,GONZALEZ Clara,26,-,-,,,
2025,World Championships,U23 Women,HORLOVA Valentyna,27,32,33,,,
2025,World Championships,U23 Women,PESCE-ROUE Nina,28,45,-,,,
2025,World Championships,U23 Women,LIU Gaoyi,29,40,-,,,
2025,World Championships,U23 Women,BELINGAR Sara,30,14,-,,,
2025,World Championships,U23 Women,NOVYSH Marina,31,16,15,,,
2025,World Championships,U23 Women,BEDNARCZYK Martyna,32,-,-,,,
2025,World Championships,U23 Women,TARANTSEVA Yekaterina,33,20,47,,,
2025,World Championships,U23 Women,LIBER Katarzyna,34,-,-,,,
2025,World Championships,U23 Women,DURATNA Stanislava,35,-,-,,,
2025,World Championships,U23 Women,LOPEZ Nora,36,-,-,,,
2025,World Championships,U23 Women,NIAMTHONG Jaruwan,37,48,51,,,
2025,World Championships,U23 Women,BUETIKOFER Fia,38,-,23,,,
2025,World Championships,U23 Women,ALTMAN Marcella,39,26,6,,,
2025,World Championships,U23 Women,SOMMERNES Iris,40,42,42,,,
2025,World Championships,U23 Women,CHOMKOGSUNG Kanda,41,-,-,,,
2025,World Championships,U23 Women,CLEMENTS Claire,42,35,40,,,
2025,World Championships,U23 Women,PLATA Laura,43,49,24,,,
2025,World Championships,U23 Women,LEAVER Lois,-,3,2,,,
2025,World Championships,U23 Women,BRZESKA Dominika,-,5,26,,,
2025,World Championships,U23 Women,BEKOVA Katerina,-,6,3,,,
2025,World Championships,U23 Women,PIRRO Paulina,-,7,27,,,
2025,World Championships,U23 Women,PIGNAT Caterina,-,9,34,,,
2025,World Championships,U23 Women,CHLEBOVA Ivana,-,10,22,,,
2025,World Championships,U23 Women,MRAZKOVA Klara,-,11,-,,,
2025,World Championships,U23 Women,SEGURA Haizea,-,12,5,,,
2025,World Championships,U23 Women,MATTI Svenja,-,15,12,,,
2025,World Championships,U23 Women,WU Ting-I,-,17,35,,,
2025,World Championships,U23 Women,KANG Macy,-,18,19,,,
2025,World Championships,U23 Women,OLSON Beatrice,-,19,30,,,
2025,World Championships,U23 Women,DANEK Dominika,-,20,-,,,
2025,World Championships,U23 Women,VUITTON Emma,-,22,17,,,
2025,World Championships,U23 Women,SRIBAR Ria,-,23,32,,,
2025,World Championships,U23 Women,NESNIDALOVA Lucie,-,28,-,,,
2025,World Championships,U23 Women,GONI Leire,-,29,18,,,
2025,World Championships,U23 Women,PLOCHMANN Antonia,-,30,10,,,
2025,World Championships,U23 Women,ZOU Yuhan,-,33,-,,,
2025,World Championships,U23 Women,MAKACHEVA Angelina,-,36,29,,,
2025,World Championships,U23 Women,ODRIOZOLA Maite,-,37,-,,,
2025,World Championships,U23 Women,AGUIRRE GONZALEZ Florencia,-,38,36,,,
2025,World Championships,U23 Women,SHEAFF Holly,-,43,-,,,
2025,World Championships,U23 Women,CHOUHAN Shikha,-,46,46,,,
2025,World Championships,U23 Women,PISTONI Lucia,-,47,8,,,
2025,World Championships,U23 Women,DUC Jessica,-,50,45,,,
2025,World Championships,U23 Women,CARVALHO Leonor,-,51,50,,,
2025,World Championships,U23 Women,MILLS Waris,-,52,41,,,
2025,World Championships,U23 Women,WOOD Emmi,-,53,52,,,
2025,World Championships,U23 Women,BERRIO Eoid,-,54,49,,,
2025,World Championships,U23 Women,DRESCHER Tamara,-,-,-,,,
2025,World Championships,U23 Women,JOUBERT Perrine,-,-,21,,,
2025,World Championships,U23 Women,WILD Charlotte,-,-,28,,,
2025,World Championships,U23 Women,PLANES Jana,-,-,31,,,
2025,World Championships,U23 Women,SHATTOCK Katherine,-,-,37,,,
2025,World Championships,U23 Women,ZIZMARE Marta,-,-,48,,,
2025,World Championships,U23 Men,KRATOCHVIL Lukas,1,-,-,,,
2025,World Championships,U23 Men,PUCHNER Oliver,2,-,30,,,
2025,World Championships,U23 Men,SEGURA Alex,3,-,29,,,
2025,World Championships,U23 Men,KRATOCHVIL Martin,4,-,-,,,
2025,World Championships,U23 Men,BARZON Martino,5,-,-,,,
2025,World Championships,U23 Men,KIES Benjamin,6,-,-,,,
2025,World Championships,U23 Men,DEBLIQUY Elouan,7,-,-,,,
2025,World Championships,U23 Men,DEBLIQUY Mewen,8,-,-,,,
2025,World Championships,U23 Men,SENECHAULT Yohann,9,-,-,,,
2025,World Championships,U23 Men,ROYLE Luc,10,-,-,,,
2025,World Championships,U23 Men,TRIPANO Manuel,11,15,63,,,
2025,World Championships,U23 Men,MAIUTTO Elio,12,-,-,,,
2025,World Championships,U23 Men,NOWOBILSKI Szymon,13,-,-,,,
2025,World Championships,U23 Men,BALDONI Alex,14,79,15,,,
2025,World Championships,U23 Men,KRAL Adam,15,-,-,,,
2025,World Championships,U23 Men,SOWIZRAL Szymon,16,-,-,,,
2025,World Championships,U23 Men,IMAZ Markel,17,-,-,,,
2025,World Championships,U23 Men,ROZENTALS Klass Francisks,18,-,53,,,
2025,World Championships,U23 Men,VICENTE Marc,19,-,-,,,
2025,World Championships,U23 Men,ROSS Benjamin,20,-,-,,,
2025,World Championships,U23 Men,GUTKNECHT Patrick,21,-,6,,,
2025,World Championships,U23 Men,KSIAZEK Krzysztof,22,-,-,,,
2025,World Championships,U23 Men,ELLIS Declan,23,-,-,,,
2025,World Championships,U23 Men,GINZEL Konrad,24,-,-,,,
2025,World Championships,U23 Men,SPAGNOL Marino,25,-,-,,,
2025,World Championships,U23 Men,KHARLAMTSEV Aleksandr,25,-,-,,,
2025,World Championships,U23 Men,MCDONALD Edward,27,-,82,,,
2025,World Championships,U23 Men,SARAMANDIF Terence,28,-,54,,,
2025,World Championships,U23 Men,STAFFEN David,29,-,-,,,
2025,World Championships,U23 Men,SAITO Shota,30,-,-,,,
2025,World Championships,U23 Men,KRAJCI Samuel,31,-,-,,,
2025,World Championships,U23 Men,JANOVCIK Adam,32,-,-,,,
2025,World Championships,U23 Men,FEDORENKO Oleksandr,33,34,8,,,
2025,World Championships,U23 Men,SUESS Philipp,34,-,-,,,
2025,World Championships,U23 Men,FRANCIS Nathaniel,35,-,58,,,
2025,World Championships,U23 Men,SENIOR James,36,-,-,,,
2025,World Championships,U23 Men,PANKHURST George,37,-,-,,,
2025,World Championships,U23 Men,SMIRNOV Egor,38,18,16,,,
2025,World Championships,U23 Men,BOHN Luca,39,-,-,,,
2025,World Championships,U23 Men,POLISHCHUK Bohdan,40,-,-,,,
2025,World Championships,U23 Men,ANTONOV Sergei,41,-,76,,,
2025,World Championships,U23 Men,YAZICI Emir Fazil,42,-,-,,,
2025,World Championships,U23 Men,MCKAY Owen,43,53,-,,,
2025,World Championships,U23 Men,PARLAK Mustafa,44,-,79,,,
2025,World Championships,U23 Men,CHANG Fu-Hua,45,-,84,,,
2025,World Championships,U23 Men,KRIZAJ Adam,46,-,-,,,
2025,World Championships,U23 Men,ANDERSON Finn,47,-,45,,,
2025,World Championships,U23 Men,VARSLAVANS Emils,48,-,-,,,
2025,World Championships,U23 Men,ESCOBAR PUGGIA Nahuel,49,44,52,,,
2025,World Championships,U23 Men,KOETSUK Piyanath,50,70,62,,,
2025,World Championships,U23 Men,KONOVCHENKO Nikita,51,-,-,,,
2025,World Championships,U23 Men,ZIMMERMAN Isaac,52,29,75,,,
2025,World Championships,U23 Men,PHUTTRAKSA Chonlasit,53,-,80,,,
2025,World Championships,U23 Men,YOUSRI Jalil Ilias,54,63,-,,,
2025,World Championships,U23 Men,SMITH Philip,55,-,-,,,
2025,World Championships,U23 Men,FIANDER Carl,56,-,71,,,
2025,World Championships,U23 Men,WU Jung-Cheng,57,-,60,,,
2025,World Championships,U23 Men,PLAUDIS Martins,58,61,47,,,
2025,World Championships,U23 Men,SOTO Geral,59,69,59,,,
2025,World Championships,U23 Men,LICEN Matic,60,-,-,,,
2025,World Championships,U23 Men,LIDSTROEM Yann,-,-,-,,,
2025,World Championships,U23 Men,CASTRYCK Titouan,-,1,2,,,
2025,World Championships,U23 Men,FERRAZZI Xabier,-,2,3,,,
2025,World Championships,U23 Men,CONTRERAS Manel,-,3,27,,,
2025,World Championships,U23 Men,PISTONI Michele,-,4,23,,,
2025,World Championships,U23 Men,KREJCI Jakub,-,5,13,,,
2025,World Championships,U23 Men,CORNU Martin,-,6,14,,,
2025,World Championships,U23 Men,LEAVER Sam,-,7,5,,,
2025,World Championships,U23 Men,DIETZ Enrico,-,8,81,,,
2025,World Championships,U23 Men,RUDORFER Martin,-,9,21,,,
2025,World Championships,U23 Men,NOVAK Matyas,-,10,9,,,
2025,World Championships,U23 Men,MONTALTO Sebastian,-,11,-,,,
2025,World Championships,U23 Men,IVCHENKO Artem,-,12,25,,,
2025,World Championships,U23 Men,LOCNIKAR Jan,-,13,22,,,
2025,World Championships,U23 Men,FARRAN Miquel,-,14,28,,,
2025,World Championships,U23 Men,GRIMANDI Gabriele,-,16,-,,,
2025,World Championships,U23 Men,PERREAU Noe,-,17,-,,,
2025,World Championships,U23 Men,FEHLMANN Nicolas,-,19,-,,,
2025,World Championships,U23 Men,PETRUSHEV Angel,-,20,-,,,
2025,World Championships,U23 Men,MISHIMA Yu,-,21,46,,,
2025,World Championships,U23 Men,ROHRER Pitt,-,22,26,,,
2025,World Championships,U23 Men,KOZLOV Ivan,-,23,11,,,
2025,World Championships,U23 Men,KUCHNO Tadeusz,-,24,7,,,
2025,World Championships,U23 Men,STANZEL Christian,-,25,-,,,
2025,World Championships,U23 Men,KREMSLEHNER Moritz,-,26,34,,,
2025,World Championships,U23 Men,KONRAD Marten,-,27,-,,,
2025,World Championships,U23 Men,STAFFEN Matus,-,28,-,,,
2025,World Championships,U23 Men,HANRAHAN Jonah,-,30,-,,,
2025,World Championships,U23 Men,CANO MOLE Luca,-,31,51,,,
2025,World Championships,U23 Men,ZEITLHOFER Simon,-,32,33,,,
2025,World Championships,U23 Men,SOVKO Serhii,-,33,37,,,
2025,World Championships,U23 Men,STANKO Filip,-,35,40,,,
2025,World Championships,U23 Men,JEKLIN Rene,-,36,41,,,
2025,World Championships,U23 Men,ANDEREGG Noe,-,37,-,,,
2025,World Championships,U23 Men,COLLIER Nicholas,-,38,1,,,
2025,World Championships,U23 Men,CIAGLO Michal,-,39,68,,,
2025,World Championships,U23 Men,MAYER Thomas,-,39,10,,,
2025,World Championships,U23 Men,UKALOVIC Thomas,-,41,32,,,
2025,World Championships,U23 Men,WILHELMER Noah,-,42,77,,,
2025,World Championships,U23 Men,CHRISTIE-WILLIAMS John Coleman,-,43,-,,,
2025,World Championships,U23 Men,GALOVIC Maximilian,-,45,-,,,
2025,World Championships,U23 Men,MARTINEZ Jesus,-,45,35,,,
2025,World Championships,U23 Men,LIAO Li-Hong,-,47,-,,,
2025,World Championships,U23 Men,LONG Kyler James,-,48,18,,,
2025,World Championships,U23 Men,LONG Merle,-,49,17,,,
2025,World Championships,U23 Men,YILMAZ Serkan Ozcan,-,50,-,,,
2025,World Championships,U23 Men,ETTWILLER Gael,-,51,83,,,
2025,World Championships,U23 Men,SAVLI Jakob,-,52,65,,,
2025,World Championships,U23 Men,COWAN Padraig,-,54,50,,,
2025,World Championships,U23 Men,NESHIME Daisuke,-,55,57,,,
2025,World Championships,U23 Men,PILBROW Ben,-,56,-,,,
2025,World Championships,U23 Men,MAMBETOV Imangali,-,57,55,,,
2025,World Championships,U23 Men,KITAMURA Koki,-,58,12,,,
2025,World Championships,U23 Men,CARNEIRO Victor Eduardo,-,59,61,,,
2025,World Championships,U23 Men,TASKIRAN Hasan Mert,-,60,-,,,
2025,World Championships,U23 Men,FIANDER Ossian,-,62,56,,,
2025,World Championships,U23 Men,FIANDER Gustaf,-,64,66,,,
2025,World Championships,U23 Men,BIERMANS Nils,-,65,49,,, 
2025,World Championships,U23 Men,NEDELJKOVIC Milutin,-,66,-,,,
2025,World Championships,U23 Men,VAINAUSKAS Paulius,-,67,-,,,
2025,World Championships,U23 Men,DEL TESO Mario,-,68,-,,,
2025,World Championships,U23 Men,REINOSO Fernando,-,71,67,,,
2025,World Championships,U23 Men,MACIJAUSKS Martins,-,72,74,,,
2025,World Championships,U23 Men,PETKEVICIUS Herkus,-,73,-,,,
2025,World Championships,U23 Men,PARK Moorim,-,74,70,,,
2025,World Championships,U23 Men,CURTIN Dominic,-,75,19,,,
2025,World Championships,U23 Men,VAN HEERDEN Matthew,-,76,64,,,
2025,World Championships,U23 Men,MARTINS Pedro,-,77,69,,,
2025,World Championships,U23 Men,FRIEDENSON Kaelin,-,78,20,,,
2025,World Championships,U23 Men,VERNON Reilly,-,80,-,,,
2025,World Championships,U23 Men,MASTALSKI Mikolaj,-,81,36,,,
2025,World Championships,U23 Men,JEMAI Salim,-,82,48,,,
2025,World Championships,U23 Men,YILMAZ Kubilay,-,83,-,,,
2025,World Championships,U23 Men,JACQUES Arthur,-,84,-,,,
2025,World Championships,U23 Men,RATHOD Pradhyumna Singh,-,85,78,,,
2025,World Championships,U23 Men,PELITE Peteris,-,86,-,,,
2025,World Championships,U23 Men,RAW Brayden,-,87,72,,,
2025,World Championships,U23 Men,MAGAN Raage,-,-,-,,,
2025,World Championships,U23 Men,MAGAN Aar,-,-,-,,,
2025,World Championships,U23 Men,BENINI Gino,-,-,4,,,
2025,World Championships,U23 Men,GALEA Riley,-,-,24,,,
2025,World Championships,U23 Men,SACHERS Felix,-,-,31,,,
2025,World Championships,U23 Men,DUDA Filip,-,-,38,,,
2025,World Championships,U23 Men,SEVCIK Matej,-,-,39,,,
2025,World Championships,U23 Men,BECKE David,-,-,42,,,
2025,World Championships,U23 Men,CUIGNON Ludovico,-,-,43,,,
2025,World Championships,U23 Men,KASPER Dominic,-,-,44,,,
2025,World Championships,U23 Men,FARADAY Lachlan,-,-,73,,,
2025,World Championships,Senior Women,ZWOLINSKA Klaudia,1,1,3,,,
2025,World Championships,Senior Women,MINAZOVA Alsu,2,16,47,,,
2025,World Championships,Senior Women,SATILA Ana,3,7,13,,,
2025,World Championships,Senior Women,LEIBFARTH Evy,4,9,8,,,
2025,World Championships,Senior Women,SATKOVA Martina,5,-,-,,,
2025,World Championships,Senior Women,PANKOVA Zuzana,6,8,22,,,
2025,World Championships,Senior Women,SATKOVA Gabriela,7,15,-,,,
2025,World Championships,Senior Women,WOODS Kimberley,8,2,9,,,
2025,World Championships,Senior Women,FOX Noemie,9,12,32,,,
2025,World Championships,Senior Women,DORIA Monica,10,30,15,,,
2025,World Championships,Senior Women,US Viktoriia,11,11,11,,,
2025,World Championships,Senior Women,HOCEVAR Eva Alina,12,10,46,,,
2025,World Championships,Senior Women,HERZOG Andrea,13,-,7,,,
2025,World Championships,Senior Women,MARX Alena,14,24,20,,,
2025,World Championships,Senior Women,LILIK Elena,15,14,-,,,
2025,World Championships,Senior Women,FORROW Bethan,16,-,-,,,
2025,World Championships,Senior Women,KOZOROG Alja,17,-,-,,,
2025,World Championships,Senior Women,MILLER Ellis,18,-,-,,,
2025,World Championships,Senior Women,LAZKANO Miren,19,-,21,,,
2025,World Championships,Senior Women,TEUNISSEN Lena,20,36,12,,,
2025,World Championships,Senior Women,WU Yishan,21,-,-,,,
2025,World Championships,Senior Women,BERTONCELLI Marta,22,-,-,,,
2025,World Championships,Senior Women,LUKNAROVA Emanuela,23,38,48,,,
2025,World Championships,Senior Women,NOVAK Lea,24,47,-,,,
2025,World Championships,Senior Women,LOGACHEVA Taisiia,25,-,-,,,
2025,World Championships,Senior Women,DELASSUS Doriane,26,-,-,,,
2025,World Championships,Senior Women,HUG Angele,27,-,1,,,
2025,World Championships,Senior Women,BORGHI Elena,28,-,-,,,
2025,World Championships,Senior Women,MORENOVA Adriana,29,-,-,,,
2025,World Championships,Senior Women,VILARRUBLA Nuria,30,-,-,,,
2025,World Championships,Senior Women,STANOVSKA Sona,31,13,19,,,
2025,World Championships,Senior Women,HUANG Juan,32,-,-,,,
2025,World Championships,Senior Women,BAYN Nele,33,-,29,,,
2025,World Championships,Senior Women,ESTACIA NETA Omira,34,41,26,,,
2025,World Championships,Senior Women,GORA Aleksandra,35,-,28,,,
2025,World Championships,Senior Women,CORCORAN Michaela,36,-,-,,,
2025,World Championships,Senior Women,LIU Gaoyi,37,-,-,,,
2025,World Championships,Senior Women,O'CALLAGHAN Georgia,38,-,50,,,
2025,World Championships,Senior Women,PRIOUX Lucie,39,-,-,,,
2025,World Championships,Senior Women,ALTMAN Marcella,40,33,35,,,
2025,World Championships,Senior Women,PLATA Laura,41,42,37,,,
2025,World Championships,Senior Women,CHUNG Yu-Han,42,-,-,,,
2025,World Championships,Senior Women,DANEK Hanna,43,35,-,,,
2025,World Championships,Senior Women,GARIFIANOVA Elina,44,-,-,,,
2025,World Championships,Senior Women,FERNANDES CASTRO Ana Paula,45,52,-,,,
2025,World Championships,Senior Women,ECKHARDT Kate,46,3,-,,,
2025,World Championships,Senior Women,REX Rosie,47,-,23,,,
2025,World Championships,Senior Women,OLAZABAL Klara,48,-,-,,,
2025,World Championships,Senior Women,CHOU Chih-Chin,49,-,-,,,
2025,World Championships,Senior Women,CULLWICK Kahlia,50,44,-,,,
2025,World Championships,Senior Women,FUNK Ricarda,-,4,6,,,
2025,World Championships,Senior Women,CHOURRAUT Maialen,-,5,4,,,
2025,World Championships,Senior Women,PRIGENT Camille,-,6,2,,,
2025,World Championships,Senior Women,GALUSKOVA Antonie,-,17,-,,,
2025,World Championships,Senior Women,LEAVER Lois,-,18,31,,,
2025,World Championships,Senior Women,VUITTON Emma,-,19,17,,,
2025,World Championships,Senior Women,SETCHELL Nikita,-,20,5,,,
2025,World Championships,Senior Women,GONI Leire,-,21,-,,,
2025,World Championships,Senior Women,NOVAK Ajda,-,22,25,,,
2025,World Championships,Senior Women,PIETRACHA Eva,-,23,-,,,
2025,World Championships,Senior Women,SRIBAR Ria,-,25,-,,,
2025,World Championships,Senior Women,SORRIBES Laia,-,26,30,,,
2025,World Championships,Senior Women,YAZAWA Aki,-,27,49,,,
2025,World Championships,Senior Women,XIE Xueting,-,28,42,,,
2025,World Championships,Senior Women,LI Shiting,-,29,14,,,
2025,World Championships,Senior Women,KRYLOVA Kseniia,-,31,16,,,
2025,World Championships,Senior Women,BRZESKA Dominika,-,32,33,,,
2025,World Championships,Senior Women,WILLIAMS Courtney,-,34,39,,,
2025,World Championships,Senior Women,WU Ting-I,-,37,45,,,
2025,World Championships,Senior Women,SOKOLOVA Mariia,-,39,34,,,
2025,World Championships,Senior Women,NESNIDALOVA Lucie,-,40,-,,,
2025,World Championships,Senior Women,REINOSO Sofia,-,43,38,,,
2025,World Championships,Senior Women,REN Ye,-,45,-,,,
2025,World Championships,Senior Women,XHEMAJLJI Blandine,-,46,43,,,
2025,World Championships,Senior Women,APEL Emily,-,48,-,,,
2025,World Championships,Senior Women,CHANG Chu-Han,-,49,24,,,
2025,World Championships,Senior Women,CROSBEE Sarah,-,50,-,,,
2025,World Championships,Senior Women,SABATTINI Chiara,-,51,18,,,
2025,World Championships,Senior Women,MILLS Waris,-,53,36,,,
2025,World Championships,Senior Women,KURIA Michelle Wambui,-,-,51,,,
2025,World Championships,Senior Women,KNEBLOVA Tereza,-,-,10,,,
2025,World Championships,Senior Women,HILGERTOVA Amalie,-,-,27,,,
2025,World Championships,Senior Women,DAVIDSON Codie,-,-,40,,,
2025,World Championships,Senior Women,PITCHER FARRELL Cleo,-,-,41,,,
2025,World Championships,Senior Women,SAMKOVA Olga,-,-,44,,,
2025,World Championships,Senior Men,GESTIN Nicolas,1,-,-,,,
2025,World Championships,Senior Men,WESTLEY Ryan,2,-,-,,,
2025,World Championships,Senior Men,BASSETT Kaylen,3,-,-,,,
2025,World Championships,Senior Men,TRAVE Miquel,4,16,-,,,
2025,World Championships,Senior Men,BENUS Matej,5,-,-,,,
2025,World Championships,Senior Men,SZTUBA Kacper,6,-,-,,,
2025,World Championships,Senior Men,BOZIC Luka,7,-,-,,,
2025,World Championships,Senior Men,TUCHSCHERER Lennard,8,-,-,,,
2025,World Championships,Senior Men,SAVSEK Benjamin,9,-,-,,,
2025,World Championships,Senior Men,MARTIKAN Michal,10,-,-,,,
2025,World Championships,Senior Men,DIAZ Oier,11,-,-,,,
2025,World Championships,Senior Men,MIRGORODSKY Marko,12,-,-,,,
2025,World Championships,Senior Men,SENECHAULT Yohann,13,-,-,,,
2025,World Championships,Senior Men,BURGESS Adam,14,-,-,,,
2025,World Championships,Senior Men,CECCON Paolo,15,-,-,,,
2025,World Championships,Senior Men,KHARLAMTSEV Aleksandr,16,-,-,,,
2025,World Championships,Senior Men,KOECHLIN Thomas,17,-,-,,,
2025,World Championships,Senior Men,BARZON Martino,18,-,-,,,
2025,World Championships,Senior Men,PRSKAVEC Jiri,19,3,-,,,
2025,World Championships,Senior Men,ROSS Benjamin,20,-,-,,,
2025,World Championships,Senior Men,VICENTE Marc,21,-,-,,,
2025,World Championships,Senior Men,ROYLE Luc,22,-,-,,,
2025,World Championships,Senior Men,ZHANG Zhicheng,23,-,-,,,
2025,World Championships,Senior Men,KRAL Adam,24,-,-,,,
2025,World Championships,Senior Men,CORREA Charles,25,-,-,,,
2025,World Championships,Senior Men,SMIRNOV Egor,26,11,63,,,
2025,World Championships,Senior Men,CARTER Tristan,27,-,-,,,
2025,World Championships,Senior Men,HENDRICK Robert,28,-,-,,,
2025,World Championships,Senior Men,KLEVLEEV Anvar,29,-,-,,,
2025,World Championships,Senior Men,HEGER Vojtech,30,-,-,,,
2025,World Championships,Senior Men,WIERCIOCH Michal,31,-,-,,,
2025,World Championships,Senior Men,KHRAMTSOV Dmitrii,32,-,-,,,
2025,World Championships,Senior Men,JEGOU Liam,33,-,-,,,
2025,World Championships,Senior Men,DEBLIQUY Mewen,34,-,-,,,
2025,World Championships,Senior Men,BALDONI Alex,35,56,20,,,
2025,World Championships,Senior Men,LOKKEN Zachary,36,-,-,,,
2025,World Championships,Senior Men,DA SILVA Kaua,37,-,-,,,
2025,World Championships,Senior Men,EICHFELD Casey,38,-,-,,,
2025,World Championships,Senior Men,OTTEN Joris,39,-,-,,,
2025,World Championships,Senior Men,PUCHNER Oliver,40,-,-,,,
2025,World Championships,Senior Men,COCHRANE Jake,41,-,-,,,
2025,World Championships,Senior Men,NOWOBILSKI Szymon,42,-,-,,,
2025,World Championships,Senior Men,SENIOR James,43,-,-,,,
2025,World Championships,Senior Men,MARINIC Matija,44,-,-,,,
2025,World Championships,Senior Men,ANDERSON Finn,45,-,-,,,
2025,World Championships,Senior Men,HANEDA Takuya,46,-,-,,,
2025,World Championships,Senior Men,TRIPANO Manuel,47,53,59,,,
2025,World Championships,Senior Men,WABU Youzhuacier,48,-,-,,,
2025,World Championships,Senior Men,WU Jung-Cheng,49,-,-,,,
2025,World Championships,Senior Men,SAITO Shota,50,-,-,,,
2025,World Championships,Senior Men,HARRIS Ryker,51,-,-,,,
2025,World Championships,Senior Men,PARRY Daniel,52,-,-,,,
2025,World Championships,Senior Men,ZHANG Peng,53,-,-,,,
2025,World Championships,Senior Men,MICOZZI Flavio,54,-,-,,,
2025,World Championships,Senior Men,CURCEL Leonardo,55,-,-,,,
2025,World Championships,Senior Men,PLAUDIS Martins,56,64,58,,,
2025,World Championships,Senior Men,FENTANES Ricardo,57,-,-,,,
2025,World Championships,Senior Men,HOCEVAR Ziga Lin,58,35,19,,,
2025,World Championships,Senior Men,ZIMMERMANN Niels,59,-,-,,,
2025,World Championships,Senior Men,PARLAK Mustafa,60,-,72,,,
2025,World Championships,Senior Men,NG Wee Meng,61,-,69,,,
2025,World Championships,Senior Men,MUCHIRI Samuel,-,-,71,,,
2025,World Championships,Senior Men,CASTRYCK Titouan,-,1,6,,,
2025,World Championships,Senior Men,KREJCI Jakub,-,2,8,,,
2025,World Championships,Senior Men,BUTCHER Finn,-,4,5,,,
2025,World Championships,Senior Men,DELFOUR Lucien,-,5,16,,,
2025,World Championships,Senior Men,KAUZER Peter,-,6,-,,,
2025,World Championships,Senior Men,DELASSUS Anatole,-,7,-,,,
2025,World Championships,Senior Men,DE COSTER Gabriel,-,8,40,,,
2025,World Championships,Senior Men,LEITNER Mario,-,9,24,,,
2025,World Championships,Senior Men,ANDERSON Timothy,-,10,18,,,
2025,World Championships,Senior Men,DE GENNARO Giovanni,-,12,15,,,
2025,World Championships,Senior Men,POLACZYK Mateusz,-,13,11,,,
2025,World Championships,Senior Men,FERRAZZI Xabier,-,14,39,,,
2025,World Championships,Senior Men,HALCIN Martin,-,15,32,,,
2025,World Championships,Senior Men,HENGST Stefan,-,17,30,,,
2025,World Championships,Senior Men,DICKSON Jonny,-,18,17,,,
2025,World Championships,Senior Men,DESNOS Mathieu,-,19,66,,,
2025,World Championships,Senior Men,ECHANIZ Pau,-,20,44,,,
2025,World Championships,Senior Men,DOUGOUD Martin,-,21,35,,,
2025,World Championships,Senior Men,HENDRICK Noel,-,22,-,,,
2025,World Championships,Senior Men,ADACHI Kazuya,-,23,-,,,
2025,World Championships,Senior Men,KOZLOV Ivan,-,24,38,,,
2025,World Championships,Senior Men,ROHRER Jan,-,25,26,,,
2025,World Championships,Senior Men,MUTO Yusuke,-,26,64,,,
2025,World Championships,Senior Men,POPE Benjamin,-,27,36,,,
2025,World Championships,Senior Men,GRIGAR Jakub,-,28,14,,,
2025,World Championships,Senior Men,TANAKA Yuuki,-,29,53,,,
2025,World Championships,Senior Men,BEDA Marcello,-,30,-,,,
2025,World Championships,Senior Men,BRZEZINSKI Jakub,-,31,33,,,
2025,World Championships,Senior Men,AUBERTIN Maxime,-,31,4,,,
2025,World Championships,Senior Men,CLARKE Joseph,-,33,1,,,
2025,World Championships,Senior Men,GONSENICA Adam,-,34,61,,,
2025,World Championships,Senior Men,RENIA Benjamin,-,36,9,,,
2025,World Championships,Senior Men,BARTA Jan,-,37,-,,,
2025,World Championships,Senior Men,LYU Luhui,-,38,22,,,
2025,World Championships,Senior Men,SNOOK George,-,39,70,,,
2025,World Championships,Senior Men,CHIARELLO Gelindo,-,40,41,,,
2025,World Championships,Senior Men,HUANG Liman,-,41,62,,,
2025,World Championships,Senior Men,EIGEL Pavel,-,42,34,,,
2025,World Championships,Senior Men,VERNON Reilly,-,43,-,,,
2025,World Championships,Senior Men,JACOB Lucas,-,44,67,,,
2025,World Championships,Senior Men,ZHANG Jiahao,-,45,47,,,
2025,World Championships,Senior Men,WU Shao-Hsuan,-,46,50,,,
2025,World Championships,Senior Men,ALVARENGA Frederico,-,47,51,,,
2025,World Championships,Senior Men,CUNHA Joao,-,48,54,,,
2025,World Championships,Senior Men,UKALOVIC Thomas,-,49,48,,,
2025,World Championships,Senior Men,MCCREERY Alistair,-,50,27,,,
2025,World Championships,Senior Men,GONCALVES Pedro,-,51,12,,,
2025,World Championships,Senior Men,IVCHENKO Artem,-,52,31,,,
2025,World Championships,Senior Men,KREMSLEHNER Moritz,-,54,46,,,
2025,World Championships,Senior Men,SOVKO Serhii,-,55,37,,,
2025,World Championships,Senior Men,PETRUSHEV Angel,-,57,73,,,
2025,World Championships,Senior Men,ZIELONKA Mark,-,58,55,,,
2025,World Championships,Senior Men,LONG Kyler James,-,59,57,,,
2025,World Championships,Senior Men,LIAO Li-Hong,-,60,65,,,
2025,World Championships,Senior Men,REINOSO Antonio,-,61,60,,,
2025,World Championships,Senior Men,ECHEVERRIA OLGUIN Andraz,-,62,42,,,
2025,World Championships,Senior Men,BOYD Trevor,-,63,45,,,
2025,World Championships,Senior Men,SRABOTNIK Martin,-,65,-,,,
2025,World Championships,Senior Men,POPIELA Dariusz,-,66,-,,,
2025,World Championships,Senior Men,HAYLETT Ben,-,67,-,,,
2025,World Championships,Senior Men,HEGGE Noah,-,68,7,,,
2025,World Championships,Senior Men,LLORENTE David,-,69,25,,,
2025,World Championships,Senior Men,MAPELLI Guilherme,-,70,52,,,
2025,World Championships,Senior Men,FRIEDENSON Kaelin,-,71,56,,,
2025,World Championships,Senior Men,COLLIER Nicholas,-,72,21,,,
2025,World Championships,Senior Men,WESTFALL Tyler,-,73,-,,,
2025,World Championships,Senior Men,GUBENKO Nikita,-,74,43,,,
2025,World Championships,Senior Men,MADORE Mathurin,-,-,2,,,
2025,World Championships,Senior Men,NOVAK Matyas,-,-,3,,,
2025,World Championships,Senior Men,LEAVER Sam,-,-,10,,,
2025,World Championships,Senior Men,OCHOA Manuel,-,-,13,,,
2025,World Championships,Senior Men,KUCHNO Tadeusz,-,-,23,,,
2025,World Championships,Senior Men,ROELLER Tillmann,-,-,28,,,
2025,World Championships,Senior Men,RUDORFER Martin,-,-,29,,,
2025,World Championships,Senior Men,LOCNIKAR Jan,-,-,49,,,
2025,World Championships,Senior Men,NIJHAWAN Nikhil,-,-,68,,,
2024,World Championships,U23 Women,SATKOVA Gabriela,1,-,-,,,
2024,World Championships,U23 Women,BERTONCELLI Marta,2,-,-,,,
2024,World Championships,U23 Women,HOCEVAR Eva Alina,3,2,-,,,
2024,World Championships,U23 Women,KNEBLOVA Tereza,4,-,5,,,
2024,World Championships,U23 Women,DELASSUS Doriane,5,-,25,,,
2024,World Championships,U23 Women,LUKNAROVA Emanuela,6,-,-,,,
2024,World Championships,U23 Women,CHLEBOVA Ivana,7,23,19,,,
2024,World Championships,U23 Women,CASTRYCK Camille,8,-,-,,,
2024,World Championships,U23 Women,KNEBLOVA Klara,9,17,46,,,
2024,World Championships,U23 Women,PESCE-ROUE Nina,10,-,-,,,
2024,World Championships,U23 Women,PANZLAFF Jannemien,11,-,-,,,
2024,World Championships,U23 Women,BORGHI Elena,12,-,-,,,
2024,World Championships,U23 Women,GONZALEZ Clara,13,-,47,,,
2024,World Championships,U23 Women,CORCORAN Michaela,14,-,-,,,
2024,World Championships,U23 Women,MILLER Ellis,15,9,17,,,
2024,World Championships,U23 Women,MICOZZI Elena,16,-,-,,,
2024,World Championships,U23 Women,THOMAS Hannah,17,32,6,,,
2024,World Championships,U23 Women,KRECH Lucie,18,-,-,,,
2024,World Championships,U23 Women,BEDNARCZYK Martyna,19,-,-,,,
2024,World Championships,U23 Women,O'CALLAGHAN Georgia,20,36,11,,,
2024,World Championships,U23 Women,ELLIS Rachel,21,-,-,,,
2024,World Championships,U23 Women,ANANYEVA Anastassiya,22,48,22,,,
2024,World Championships,U23 Women,ALTMAN Marcella,23,20,33,,,
2024,World Championships,U23 Women,LIBER Katarzyna,24,-,-,,,
2024,World Championships,U23 Women,LIU Gaoyi,25,-,-,,,
2024,World Championships,U23 Women,LIU Jiayin,26,-,-,,,
2024,World Championships,U23 Women,BLYTHE-SHIELDS Joanna,27,-,-,,,
2024,World Championships,U23 Women,WU Yishan,28,-,-,,,
2024,World Championships,U23 Women,GARCIA Izar,29,-,-,,,
2024,World Championships,U23 Women,LOPEZ Nora,30,-,15,,,
2024,World Championships,U23 Women,DAVIDSON Codie,31,-,-,,,
2024,World Championships,U23 Women,DURATNA Stanislava,32,26,-,,,
2024,World Championships,U23 Women,PLATA Laura,33,44,30,,,
2024,World Championships,U23 Women,SOMMERNES Iris,34,39,21,,,
2024,World Championships,U23 Women,RAPPE Kimberley,35,-,-,,,
2024,World Championships,U23 Women,JUG Asja,36,-,-,,,
2024,World Championships,U23 Women,BELINGAR Sara,37,19,-,,,
2024,World Championships,U23 Women,HORLOVA Oleksandra,38,37,31,,,
2024,World Championships,U23 Women,BENGERI Katja,-,-,-,,,
2024,World Championships,U23 Women,BALDONI Lea,-,31,10,,,
2024,World Championships,U23 Women,LEAVER Lois,-,1,13,,,
2024,World Championships,U23 Women,BEKOVA Katerina,-,3,3,,,
2024,World Championships,U23 Women,NESNIDALOVA Lucie,-,4,-,,,
2024,World Championships,U23 Women,PIETRACHA Eva,-,5,18,,,
2024,World Championships,U23 Women,VUITTON Emma,-,6,1,,,
2024,World Championships,U23 Women,BRZESKA Dominika,-,7,9,,,
2024,World Championships,U23 Women,PISTONI Lucia,-,8,-,,,
2024,World Championships,U23 Women,SRIBAR Ria,-,10,14,,,
2024,World Championships,U23 Women,APEL Emily,-,11,4,,,
2024,World Championships,U23 Women,GONI Leire,-,12,2,,,
2024,World Championships,U23 Women,PLOCHMANN Antonia,-,13,26,,,
2024,World Championships,U23 Women,KANG Macy,-,14,40,,,
2024,World Championships,U23 Women,ITO Kurumi,-,15,-,,,
2024,World Championships,U23 Women,DURECOVA Kristina,-,16,-,,,
2024,World Championships,U23 Women,MATTI Svenja,-,18,20,,,
2024,World Championships,U23 Women,MARTIN LAEME Ilona,-,21,-,,,
2024,World Championships,U23 Women,WU Ting-I,-,22,32,,,
2024,World Championships,U23 Women,MA Shina,-,24,44,,,
2024,World Championships,U23 Women,MALAGUTI Francesca,-,25,-,,,
2024,World Championships,U23 Women,LI Shiting,-,27,38,,,
2024,World Championships,U23 Women,CORCORAN Madison,-,28,-,,,
2024,World Championships,U23 Women,PLOCHMANN Annkatrin,-,29,7,,,
2024,World Championships,U23 Women,MARINI Milena,-,30,-,,,
2024,World Championships,U23 Women,SOFIA Daniela,-,33,23,,,
2024,World Championships,U23 Women,ODRIOZOLA Maite,-,34,48,,,
2024,World Championships,U23 Women,OLSON Beatrice,-,35,37,,,
2024,World Championships,U23 Women,NAGASU Momoka,-,38,12,,,
2024,World Championships,U23 Women,DUC Jessica,-,40,28,,,
2024,World Championships,U23 Women,YAN Xuemei,-,41,42,,,
2024,World Championships,U23 Women,UHL Pipi,-,42,41,,,
2024,World Championships,U23 Women,AGUIRRE GONZALEZ Florencia,-,43,29,,,
2024,World Championships,U23 Women,NIAMTHONG Jaruwan,-,45,16,,,
2024,World Championships,U23 Women,MACKIE Ada,-,46,-,,,
2024,World Championships,U23 Women,LAMPIC Ema,-,47,-,,,
2024,World Championships,U23 Women,WILSON Jaimee,-,49,35,,,
2024,World Championships,U23 Women,XHEMAJLJI Blandine,-,50,-,,,
2024,World Championships,U23 Women,SALASEVICIUTE-TURBINOVA Veronika,-,51,24,,,
2024,World Championships,U23 Women,GELAZIUTE Kornelija,-,52,-,,,
2024,World Championships,U23 Women,HORLOVA Valentyna,-,-,43,,,
2024,World Championships,U23 Women,LARICHE Emily,-,-,-,,,
2024,World Championships,U23 Women,SHATTOCK Katherine,-,-,8,,,
2024,World Championships,U23 Women,LI Lin,-,-,27,,,
2024,World Championships,U23 Women,IZOVA Petronela,-,-,34,,,
2024,World Championships,U23 Women,JOUBERT Perrine,-,-,36,,,
2024,World Championships,U23 Women,VAJSOVA Barbora,-,-,39,,,
2024,World Championships,U23 Women,SAMKOVA Olga,-,-,45,,,
2024,World Championships,U23 Men,TRIPANO Manuel,1,24,-,,,
2024,World Championships,U23 Men,SENECHAULT Yohann,2,-,-,,,
2024,World Championships,U23 Men,KRATOCHVIL Lukas,3,-,39,,,
2024,World Championships,U23 Men,ROYLE Luc,4,-,-,,,
2024,World Championships,U23 Men,BARZON Martino,5,-,-,,,
2024,World Championships,U23 Men,ROZENTALS Kurts,6,-,-,,,
2024,World Championships,U23 Men,KRAL Adam,7,-,-,,,
2024,World Championships,U23 Men,VICENTE Marc,8,-,48,,,
2024,World Championships,U23 Men,SPAGNOL Marino,9,-,-,,,
2024,World Championships,U23 Men,MACUS Ludovit,10,-,-,,,
2024,World Championships,U23 Men,CROSBEE Mark,11,40,47,,,
2024,World Championships,U23 Men,PUCHNER Oliver,12,-,36,,,
2024,World Championships,U23 Men,POLENCIC Nejc,13,-,-,,,
2024,World Championships,U23 Men,ADISSON Tanguy,14,-,-,,,
2024,World Championships,U23 Men,KRATOCHVIL Martin,15,-,-,,,
2024,World Championships,U23 Men,MCDONALD Edward,16,-,-,,,
2024,World Championships,U23 Men,KIES Benjamin,17,-,-,,,
2024,World Championships,U23 Men,DEBLIQUY Mewen,18,-,-,,,
2024,World Championships,U23 Men,GINZEL Konrad,19,-,-,,,
2024,World Championships,U23 Men,BALDONI Alex,20,35,9,,,
2024,World Championships,U23 Men,NOWOBILSKI Szymon,21,-,-,,,
2024,World Championships,U23 Men,JAVORNIK Jus,22,-,29,,,
2024,World Championships,U23 Men,FRANCIS Nathaniel,23,-,-,,,
2024,World Championships,U23 Men,SHU Liang,24,-,-,,,
2024,World Championships,U23 Men,SAITO Shota,25,-,-,,,
2024,World Championships,U23 Men,SHEN Yufei,26,-,-,,,
2024,World Championships,U23 Men,ROZENTALS Klass Francisks,27,71,55,,,
2024,World Championships,U23 Men,STAFFEN David,28,-,-,,,
2024,World Championships,U23 Men,SARAMANDIF Terence,29,-,61,,,
2024,World Championships,U23 Men,MAIUTTO Elio,30,-,-,,,
2024,World Championships,U23 Men,KRAJCI Samuel,31,-,-,,,
2024,World Championships,U23 Men,CURTIN Dominic,32,43,11,,,
2024,World Championships,U23 Men,GUTKNECHT Patrick,33,-,-,,,
2024,World Championships,U23 Men,ANDERSON Finn,34,-,72,,,
2024,World Championships,U23 Men,LYU Luhui,35,-,-,,,
2024,World Championships,U23 Men,SOWIZRAL Szymon,36,-,-,,,
2024,World Championships,U23 Men,KRIZAJ Adam,37,-,-,,,
2024,World Championships,U23 Men,IMAZ Markel,38,-,-,,,
2024,World Championships,U23 Men,YAZICI Emir Fazil,39,-,-,,,
2024,World Championships,U23 Men,WU Jung-Cheng,40,-,-,,,
2024,World Championships,U23 Men,JEMAI Salim,41,22,23,,,
2024,World Championships,U23 Men,BONDAR Vadym,42,-,-,,,
2024,World Championships,U23 Men,FENTANES Ricardo,43,-,-,,,
2024,World Championships,U23 Men,SENIOR James,44,-,-,,,
2024,World Championships,U23 Men,POLISHCHUK Bohdan,45,-,-,,,
2024,World Championships,U23 Men,PUMPUTIS Visvaldas,46,-,-,,,
2024,World Championships,U23 Men,SEGURA Alex,47,-,41,,,
2024,World Championships,U23 Men,PANKHURST George,48,-,76,,,
2024,World Championships,U23 Men,BENGERI Roko,-,-,-,,,
2024,World Championships,U23 Men,DELASSUS Anatole,-,1,2,,,
2024,World Championships,U23 Men,KREJCI Jakub,-,2,6,,,
2024,World Championships,U23 Men,TOMINC Lan,-,3,-,,,
2024,World Championships,U23 Men,LEAVER Sam,-,4,52,,,
2024,World Championships,U23 Men,HAYLETT Ben,-,5,34,,,
2024,World Championships,U23 Men,FRIEDENSON Kaelin,-,6,40,,,
2024,World Championships,U23 Men,VUITTON Leo,-,7,19,,,
2024,World Championships,U23 Men,DIETZ Enrico,-,8,38,,,
2024,World Championships,U23 Men,VERNON Reilly,-,9,-,,,
2024,World Championships,U23 Men,FERRAZZI Xabier,-,10,25,,,
2024,World Championships,U23 Men,DICKSON Jonny,-,11,5,,,
2024,World Championships,U23 Men,KUCHNO Tadeusz,-,12,4,,,
2024,World Championships,U23 Men,VALANT Ulan,-,13,-,,,
2024,World Championships,U23 Men,STANKO Filip,-,14,31,,,
2024,World Championships,U23 Men,ROHRER Pitt,-,15,17,,,
2024,World Championships,U23 Men,JOSEPH Joshua,-,16,-,,,
2024,World Championships,U23 Men,LOCNIKAR Jan,-,17,-,,,
2024,World Championships,U23 Men,UKALOVIC Thomas,-,18,32,,,
2024,World Championships,U23 Men,MUTO Yusuke,-,19,15,,,
2024,World Championships,U23 Men,PETRUSHEV Angel,-,20,14,,,
2024,World Championships,U23 Men,HERMANSKY Jan,-,21,-,,,
2024,World Championships,U23 Men,GONI Alex,-,23,-,,,
2024,World Championships,U23 Men,STAFFEN Matus,-,25,-,,,
2024,World Championships,U23 Men,PANICO Tommaso,-,26,21,,,
2024,World Championships,U23 Men,BIZEK Marek,-,27,73,,,
2024,World Championships,U23 Men,FEDORENKO Oleksandr,-,28,63,,,
2024,World Championships,U23 Men,RACZ Koppany,-,29,-,,,
2024,World Championships,U23 Men,CHRISTIE-WILLIAMS John Coleman,-,30,-,,,
2024,World Championships,U23 Men,UHL Michel,-,31,28,,,
2024,World Championships,U23 Men,CIAGLO Michal,-,32,42,,,
2024,World Championships,U23 Men,ZEITLHOFER Simon,-,33,43,,,
2024,World Championships,U23 Men,CONTRERAS Manel,-,34,27,,,
2024,World Championships,U23 Men,MATTI Livio,-,36,-,,,
2024,World Championships,U23 Men,AUBERTIN Maxime,-,37,7,,,
2024,World Championships,U23 Men,STANZEL Christian,-,38,46,,,
2024,World Championships,U23 Men,COLLIER Nicholas,-,39,10,,,
2024,World Championships,U23 Men,MAMBETOV Imangali,-,41,24,,,
2024,World Championships,U23 Men,BUECHNER Jonas,-,42,12,,,
2024,World Championships,U23 Men,FARRAN Miquel,-,44,18,,,
2024,World Championships,U23 Men,ZIELONKA Mark,-,45,44,,,
2024,World Championships,U23 Men,KREMSLEHNER Moritz,-,46,22,,,
2024,World Championships,U23 Men,RIVARD Mael,-,47,35,,,
2024,World Championships,U23 Men,GRIMANDI Gabriele,-,48,-,,,
2024,World Championships,U23 Men,MONTALTO Sebastian,-,49,-,,,
2024,World Championships,U23 Men,HU Zhaoshan,-,50,16,,,
2024,World Championships,U23 Men,NESHIME Daisuke,-,51,56,,,
2024,World Championships,U23 Men,KITAMURA Koki,-,52,-,,,
2024,World Championships,U23 Men,KOSCIUKIEWICZ Marcin,-,53,-,,,
2024,World Championships,U23 Men,SOVKO Serhii,-,54,74,,,
2024,World Championships,U23 Men,IVCHENKO Artem,-,55,30,,,
2024,World Championships,U23 Men,CARNEIRO Victor Eduardo,-,56,59,,,
2024,World Championships,U23 Men,ZHANG Jiahao,-,57,70,,,
2024,World Championships,U23 Men,CANO MOLE Luca,-,58,57,,,
2024,World Championships,U23 Men,DA SILVA FERREIRA Allan Kaua,-,59,51,,,
2024,World Championships,U23 Men,JIA Shicheng,-,60,78,,,
2024,World Championships,U23 Men,YILMAZ Serkan Ozcan,-,61,-,,,
2024,World Championships,U23 Men,WELLING Yoeri,-,62,67,,,
2024,World Championships,U23 Men,RIBARSKI Stefan,-,63,60,,,
2024,World Championships,U23 Men,ANDEREGG Noe,-,64,62,,,
2024,World Championships,U23 Men,YOUSRI Jalil Ilias,-,65,-,,,
2024,World Championships,U23 Men,GRAVITIS Edgars,-,66,66,,,
2024,World Championships,U23 Men,MARTINEZ Jesus,-,67,53,,,
2024,World Championships,U23 Men,DORDEVIC Marko,-,68,-,,,
2024,World Championships,U23 Men,MANIET Mathys,-,69,64,,,
2024,World Championships,U23 Men,VAINAUSKAS Paulius,-,70,-,,,
2024,World Championships,U23 Men,PARK Moorim,-,72,69,,,
2024,World Championships,U23 Men,PALEAU-BRASSEUR Edgar,-,73,-,,,
2024,World Championships,U23 Men,RUMANSKY Richard,-,74,75,,,
2024,World Championships,U23 Men,LIAO Li-Hong,-,75,-,,,
2024,World Championships,U23 Men,RATHOD Pradhyumna Singh,-,76,71,,,
2024,World Championships,U23 Men,REINOSO Fernando,-,77,65,,,
2024,World Championships,U23 Men,VARNALIEV Marko,-,78,80,,,
2024,World Championships,U23 Men,KAYA Sevket,-,79,-,,,
2024,World Championships,U23 Men,VILKAITIS Marius,-,80,-,,,
2024,World Championships,U23 Men,FIANDER Ossian,-,81,77,,,
2024,World Championships,U23 Men,PILBROW Ben,-,82,-,,,
2024,World Championships,U23 Men,YILMAZ Kubilay,-,83,-,,,
2024,World Championships,U23 Men,SCHEDLBAUER Maximilian,-,-,-,,,
2024,World Championships,U23 Men,ADISSON Gael,-,-,1,,,
2024,World Championships,U23 Men,NOVAK Matyas,-,-,3,,,
2024,World Championships,U23 Men,LONG Kyler James,-,-,8,,,
2024,World Championships,U23 Men,MAYER Thomas,-,-,13,,,
2024,World Championships,U23 Men,MASTALSKI Mikolaj,-,-,20,,,
2024,World Championships,U23 Men,HELLO Joris,-,-,26,,,
2024,World Championships,U23 Men,FEHLMANN Nicolas,-,-,33,,,
2024,World Championships,U23 Men,ROELLER Tillmann,-,-,37,,,
2024,World Championships,U23 Men,GALEA Riley,-,-,45,,,
2024,World Championships,U23 Men,DYDA Jakub,-,-,49,,,
2024,World Championships,U23 Men,SAVLI Jakob,-,-,50,,,
2024,World Championships,U23 Men,HROMEK Matus,-,-,54,,,
2024,World Championships,U23 Men,ZHU Bowen,-,-,58,,,
2024,World Championships,U23 Men,MARIEN Martin,-,-,68,,,
2024,World Championships,U23 Men,MORLEY Tom,-,-,79,,,
2024,World Championships,U23 Men,SEVCIK Jakub,-,-,-,,,
2024,World Championships,Junior Women,YANG Ting,1,-,-,,,
2024,World Championships,Junior Women,QUEMERAIS Lena,2,6,44,,,
2024,World Championships,Junior Women,KOCIROVA Valentyna,3,-,8,,,
2024,World Championships,Junior Women,HEYDENREICH Christin,4,9,7,,,
2024,World Championships,Junior Women,KRECH Neele,5,-,48,,,
2024,World Championships,Junior Women,STEPANKOVA Marketa,6,-,-,,,
2024,World Championships,Junior Women,SEGURA Haizea,7,4,2,,,
2024,World Championships,Junior Women,XU Jiaqi,8,-,-,,,
2024,World Championships,Junior Women,VUILLEUMIER Eyleen,9,12,5,,,
2024,World Championships,Junior Women,PINTERIC Naja,10,13,1,,,
2024,World Championships,Junior Women,DIEMER Carolin,11,-,-,,,
2024,World Championships,Junior Women,LAPEZE Margot,12,-,17,,,
2024,World Championships,Junior Women,BLYTHE-SHIELDS Zoe,13,10,-,,,
2024,World Championships,Junior Women,ERLOVA Natalie,14,-,-,,,
2024,World Championships,Junior Women,BUETIKOFER Fia,15,39,-,,,
2024,World Championships,Junior Women,LAMPIC Ema,16,-,-,,,
2024,World Championships,Junior Women,CLEMENTS Claire,17,26,15,,,
2024,World Championships,Junior Women,PLANES Jana,18,36,43,,,
2024,World Championships,Junior Women,KONTCHAKOV Arina,19,8,6,,,
2024,World Championships,Junior Women,KIRKOWSKA Julia,20,-,-,,,
2024,World Championships,Junior Women,OETTING Carden,21,29,21,,,
2024,World Championships,Junior Women,MCMULLINS Darcey,22,-,11,,,
2024,World Championships,Junior Women,PU Meiduo,23,-,36,,,
2024,World Championships,Junior Women,ALTMAN Isabella,24,18,14,,,
2024,World Championships,Junior Women,SOSKOVA Petra,25,47,-,,,
2024,World Championships,Junior Women,SURMA Vladyslava,26,32,41,,,
2024,World Championships,Junior Women,BRUGVIN Camille,27,33,45,,,
2024,World Championships,Junior Women,MACKIE Ada,28,-,37,,,
2024,World Championships,Junior Women,SENICA Lea,29,-,26,,,
2024,World Championships,Junior Women,CROSBEE Sarah,30,11,33,,,
2024,World Championships,Junior Women,VAJSOVA Alexandra,31,-,-,,,
2024,World Championships,Junior Women,SIMONA Anna,32,17,29,,,
2024,World Championships,Junior Women,LARICHE Emily,33,-,-,,,
2024,World Championships,Junior Women,TARE Eliza,34,49,31,,,
2024,World Championships,Junior Women,DAVIDSON Codie,-,24,3,,,
2024,World Championships,Junior Women,BLUME Mina,-,21,4,,,
2024,World Championships,Junior Women,VOJTIKOVA Klara,-,-,9,,,
2024,World Championships,Junior Women,MUELLER Nova,-,19,10,,,
2024,World Championships,Junior Women,PIGNAT Caterina,-,3,12,,,
2024,World Championships,Junior Women,GALUSKOVA Bara,-,15,13,,,
2024,World Championships,Junior Women,HE Yuanyuan,-,16,16,,,
2024,World Championships,Junior Women,ALFER Sofia,-,27,18,,,
2024,World Championships,Junior Women,ABRAHAMOVA Karolina,-,7,19,,,
2024,World Championships,Junior Women,REX Rosie,-,38,20,,,
2024,World Championships,Junior Women,MOINIAN Florance,-,-,22,,,
2024,World Championships,Junior Women,DUSIK Aleksandra,-,-,23,,,
2024,World Championships,Junior Women,KHARLAMOVA Anhelina,-,30,24,,,
2024,World Championships,Junior Women,GOIKOETXEA Ainara,-,-,25,,,
2024,World Championships,Junior Women,STERRY Sadie,-,-,27,,,
2024,World Championships,Junior Women,TARANTSEVA Yekaterina,-,25,28,,,
2024,World Championships,Junior Women,VAN VLIET Veerle,-,45,30,,,
2024,World Championships,Junior Women,TROWER Hannah,-,50,32,,,
2024,World Championships,Junior Women,MOINIAN Anais,-,44,34,,,
2024,World Championships,Junior Women,ZOU Yuhan,-,22,35,,,
2024,World Championships,Junior Women,PATEMAN Tess,-,41,38,,,
2024,World Championships,Junior Women,DOONEY Mayah,-,40,39,,,
2024,World Championships,Junior Women,SONG Chengcheng,-,42,40,,,
2024,World Championships,Junior Women,KOSEK Ruby,-,-,42,,,
2024,World Championships,Junior Women,CRINO Lucy,-,35,46,,,
2024,World Championships,Junior Women,MRAZKOVA Klara,-,1,47,,,
2024,World Championships,Junior Women,VUITTON Camille,-,43,-,,,
2024,World Championships,Junior Women,YER Elif Ceylin,-,46,-,,,
2024,World Championships,Junior Women,DANEK Hanna,-,2,-,,,
2024,World Championships,Junior Women,HOJDOVA Marketa,-,5,-,,,
2024,World Championships,Junior Women,ONOZAWA Mine,-,14,-,,,
2024,World Championships,Junior Women,MANIET Lilou,-,20,-,,,
2024,World Championships,Junior Women,SKOK Ula,-,23,-,,,
2024,World Championships,Junior Women,GLOBOKAR Sara,-,28,-,,,
2024,World Championships,Junior Women,KRUTA Sandra,-,31,-,,,
2024,World Championships,Junior Women,LOVATO Isabel,-,34,-,,,
2024,World Championships,Junior Women,PIPREK Zuzanna,-,37,-,,,
2024,World Championships,Junior Men,HOCEVAR Ziga Lin,1,1,2,,,
2024,World Championships,Junior Men,CORNU Martin,2,2,5,,,
2024,World Championships,Junior Men,ZIMMERMANN Niels,3,-,-,,,
2024,World Championships,Junior Men,EGYHAZY Dominik,4,-,-,,,
2024,World Championships,Junior Men,KSIAZEK Krzysztof,5,-,-,,,
2024,World Championships,Junior Men,DIAZ Oier,6,-,17,,,
2024,World Championships,Junior Men,TROJANSEK Matej,7,-,-,,,
2024,World Championships,Junior Men,VICENTE Jan,8,12,8,,,
2024,World Championships,Junior Men,WEBER Anton,9,-,-,,,
2024,World Championships,Junior Men,ESTANGUET Titouan,10,9,13,,,
2024,World Championships,Junior Men,HEGER Jonas,11,-,75,,,
2024,World Championships,Junior Men,VONES Jakub,12,-,-,,,
2024,World Championships,Junior Men,SACHERS Felix,13,15,11,,,
2024,World Championships,Junior Men,RIEGEL Patrik,14,-,-,,,
2024,World Championships,Junior Men,MALY Vojtech,15,-,-,,,
2024,World Championships,Junior Men,PARLAK Mustafa,16,-,-,,,
2024,World Championships,Junior Men,PUCZEL Igor,17,-,46,,,
2024,World Championships,Junior Men,PONTAROLLO Riccardo,18,-,-,,,
2024,World Championships,Junior Men,PARRY Daniel,19,30,-,,,
2024,World Championships,Junior Men,JEKLIN Andrej,20,-,-,,,
2024,World Championships,Junior Men,RIZZIERI Luca,21,-,-,,,
2024,World Championships,Junior Men,ZIMMERMAN Isaac,22,56,16,,,
2024,World Championships,Junior Men,CARSKY Branislav,23,-,-,,,
2024,World Championships,Junior Men,LIU Xu,24,-,-,,,
2024,World Championships,Junior Men,CHEN Zihuan,25,26,82,,,
2024,World Championships,Junior Men,MBELU Azuka,26,-,9,,,
2024,World Championships,Junior Men,VARSLAVANS Emils,27,-,-,,,
2024,World Championships,Junior Men,CHANG Fu-Hua,28,-,-,,,
2024,World Championships,Junior Men,DEBLIQUY Elouan,29,8,33,,,
2024,World Championships,Junior Men,ZACHOS Ioannis,30,-,58,,,
2024,World Championships,Junior Men,LIU Keyang,31,-,-,,,
2024,World Championships,Junior Men,WRIGHT Isaac,32,-,-,,,
2024,World Championships,Junior Men,BOHN Luca,33,-,-,,,
2024,World Championships,Junior Men,MCKAY Owen,34,-,-,,,
2024,World Championships,Junior Men,FLORISSON Hunter,35,-,42,,,
2024,World Championships,Junior Men,PAGE-BROWN Fergus,36,-,-,,,
2024,World Championships,Junior Men,SOKOLOV Dmytro,37,52,53,,,
2024,World Championships,Junior Men,KETTLE William,38,-,-,,,
2024,World Championships,Junior Men,OBLINGER Milo,39,49,49,,,
2024,World Championships,Junior Men,KONOVCHENKO Nikita,40,-,-,,,
2024,World Championships,Junior Men,VAINAUSKAS Paulius,41,-,-,,,
2024,World Championships,Junior Men,LARICHE Ian,42,-,-,,,
2024,World Championships,Junior Men,SOTO Geral,43,-,-,,,
2024,World Championships,Junior Men,TSENG Hsin-Kuang,44,-,-,,,
2024,World Championships,Junior Men,ANTONOV Sergei,45,-,69,,,
2024,World Championships,Junior Men,BIERNAT Piotr,46,-,-,,,
2024,World Championships,Junior Men,ARDEN Lewis,47,-,-,,,
2024,World Championships,Junior Men,PATHIYAL Aditya,48,-,60,,,
2024,World Championships,Junior Men,KOROBOV Alexandr,49,41,54,,,
2024,World Championships,Junior Men,ONGCHIT Nantipat,-,-,68,,,
2024,World Championships,Junior Men,NOR George,51,-,-,,,
2024,World Championships,Junior Men,POKSANS Dags,53,-,-,,,
2024,World Championships,Junior Men,AYSAN Talu,54,-,-,,,
2024,World Championships,Junior Men,MOSUNOVS Stanislavs,55,-,-,,,
2024,World Championships,Junior Men,KOPECEK Michal,-,3,27,,,
2024,World Championships,Junior Men,BURGER Jachym,-,4,35,,,
2024,World Championships,Junior Men,PANZER Martin,-,5,-,,,
2024,World Championships,Junior Men,PISTONI Michele,-,6,25,,,
2024,World Championships,Junior Men,BREGAR Domen,-,7,-,,,
2024,World Championships,Junior Men,LONG Merle,-,10,7,,,
2024,World Championships,Junior Men,CLOTET JUANMARTI Faust,-,11,1,,,
2024,World Championships,Junior Men,NARDO Andrea,-,13,-,,,
2024,World Championships,Junior Men,LI Huiming,-,14,76,,,
2024,World Championships,Junior Men,WILLIAMS Gwion,-,16,14,,,
2024,World Championships,Junior Men,HODAS-PAUER Daniel,-,17,-,,,
2024,World Championships,Junior Men,KOS Tin,-,18,-,,,
2024,World Championships,Junior Men,MING Xingzhou,-,19,44,,,
2024,World Championships,Junior Men,KASPER Dominic,-,20,80,,,
2024,World Championships,Junior Men,BIERMANS Nils,-,21,22,,,
2024,World Championships,Junior Men,HARTMANN Luis,-,22,18,,,
2024,World Championships,Junior Men,STEINBRENNER Max,-,23,21,,,
2024,World Championships,Junior Men,TORRAS Thyzzian,-,24,-,,,
2024,World Championships,Junior Men,PLAUDIS Martins,-,25,52,,,
2024,World Championships,Junior Men,WYLLIE Oscar,-,27,19,,,
2024,World Championships,Junior Men,BECKE David,-,28,74,,,
2024,World Championships,Junior Men,KULCZYCKI Marek,-,29,20,,,
2024,World Championships,Junior Men,SAITO Teppei,-,31,-,,,
2024,World Championships,Junior Men,BILLAUT Sevan,-,32,77,,,
2024,World Championships,Junior Men,GOLDSMITH Oliver,-,33,29,,,
2024,World Championships,Junior Men,JABLONSKI Joachim,-,34,-,,,
2024,World Championships,Junior Men,KRACHKO Arkhyp,-,35,62,,,
2024,World Championships,Junior Men,SEEBACHER Jakob,-,36,61,,,
2024,World Championships,Junior Men,HANRAHAN Jonah,-,37,3,,,
2024,World Championships,Junior Men,BAZIC Vuk,-,38,-,,,
2024,World Championships,Junior Men,PISTONI Nicola,-,39,-,,,
2024,World Championships,Junior Men,BUETIKOFER Arik,-,40,15,,,
2024,World Championships,Junior Men,NOGAJ Kadin,-,42,-,,,
2024,World Championships,Junior Men,MATVIIENKO Rostyslav,-,43,57,,,
2024,World Championships,Junior Men,AVERKINAS Adrijus,-,44,24,,,
2024,World Championships,Junior Men,WILHELMER Noah,-,45,43,,,
2024,World Championships,Junior Men,KUNIEDA Naohiro,-,46,-,,,
2024,World Championships,Junior Men,CHRISTIE WILLIAMS Wyatt,-,47,-,,,
2024,World Championships,Junior Men,DUDA Filip,-,48,47,,,
2024,World Championships,Junior Men,NEDELJKOVIC Milutin,-,50,-,,,
2024,World Championships,Junior Men,VIEIRA DE SOUZA Jose Augusto,-,51,28,,,
2024,World Championships,Junior Men,POPIERA Rokas,-,53,51,,,
2024,World Championships,Junior Men,PARKER Jayden,-,54,-,,,
2024,World Championships,Junior Men,LAMBERMONT Loic,-,55,73,,,
2024,World Championships,Junior Men,LIN Chao-Jun,-,57,-,,,
2024,World Championships,Junior Men,ARSOVSKI Andrej,-,58,70,,,
2024,World Championships,Junior Men,NA Yeonsu,-,59,30,,,
2024,World Championships,Junior Men,DAUNORAS Kornelijus,-,60,45,,,
2024,World Championships,Junior Men,GJORGJIEV Ilija,-,61,65,,,
2024,World Championships,Junior Men,FIANDER Carl,-,62,56,,,
2024,World Championships,Junior Men,WOERNER Edward,-,63,-,,,
2024,World Championships,Junior Men,LIGNE Adrian,-,64,71,,,
2024,World Championships,Junior Men,VAN HEERDEN Matthew,-,65,79,,,
2024,World Championships,Junior Men,STAMP James,-,66,83,,,
2024,World Championships,Junior Men,CHU Hung-Yu,-,67,-,,,
2024,World Championships,Junior Men,FIANDER Gustaf,-,68,-,,,
2024,World Championships,Junior Men,BOGDANOV Nikita,-,69,32,,,
2024,World Championships,Junior Men,GEORGE Bennett,-,70,23,,,
2024,World Championships,Junior Men,MACIJAUSKS Martins,-,71,66,,,
2024,World Championships,Junior Men,CARRASCO CADILLO Juan Antonio,-,72,67,,,
2024,World Championships,Junior Men,MAGAN Raage,-,73,64,,,
2024,World Championships,Junior Men,FARADAY Lachlan,-,74,37,,,
2024,World Championships,Junior Men,HODON Samuel,-,75,-,,,
2024,World Championships,Junior Men,SMILEV Kristijan,-,76,72,,,
2024,World Championships,Junior Men,MAGAN Aar,-,77,84,,,
2024,World Championships,Junior Men,MUNTEANU Daniel,-,-,-,,,
2024,World Championships,Junior Men,TASKIRAN Hasan Mert,-,-,31,,,
2024,World Championships,Junior Men,TRIOMPHE Ianis,-,-,4,,,
2024,World Championships,Junior Men,SKUBIK David,-,-,6,,,
2024,World Championships,Junior Men,KORINEK Matyas,-,-,10,,,
2024,World Championships,Junior Men,LEHNER Paul,-,-,12,,,
2024,World Championships,Junior Men,ZHANG Hejie,-,-,26,,,
2024,World Championships,Junior Men,ZVOLSKY Kristian,-,-,34,,,
2024,World Championships,Junior Men,JEKLIN Rene,-,-,36,,,
2024,World Championships,Junior Men,BOSSHARD Delfo,-,-,38,,,
2024,World Championships,Junior Men,BENDER Callum,-,-,39,,,
2024,World Championships,Junior Men,SAMPSON Joseph,-,-,40,,,
2024,World Championships,Junior Men,CECH Ondrej,-,-,41,,,
2024,World Championships,Junior Men,KOFLER Aaron,-,-,48,,,
2024,World Championships,Junior Men,CORVALAN Felix,-,-,50,,,
2024,World Championships,Junior Men,BLACKBURN Finnigan,-,-,55,,,
2024,World Championships,Junior Men,SMIESKO Michal,-,-,59,,,
2024,World Championships,Junior Men,LONG Bryson,-,-,63,,,
2024,World Championships,Junior Men,SZOSTAK Michal,-,-,78,,,
2024,World Championships,Junior Men,RITCHIE Scott,-,-,81,,,